Stock_NO,종목명,상장주식수(주),Market
95570,AJ네트웍스,"46,822,295",kospi
68400,AJ렌터카,"22,146,300",kospi
6840,AK홀딩스,"13,247,561",kospi
27410,BGF리테일,"49,547,625",kospi
138930,BNK금융지주,"325,935,246",kospi
1460,BYC,"624,615",kospi
1040,CJ,"29,176,998",kospi
79160,CJ CGV,"21,161,313",kospi
120,CJ대한통운,"22,812,344",kospi
11150,CJ씨푸드,"35,930,773",kospi
97950,CJ제일제당,"13,161,898",kospi
37560,CJ헬로비전,"77,446,865",kospi
590,CS홀딩스,"1,154,482",kospi
139130,DGB금융지주,"169,145,833",kospi
4840,DRB동일,"18,510,000",kospi
155660,DSR,"16,000,000",kospi
69730,DSR제강,"14,400,000",kospi
17940,E1,"6,860,000",kospi
7700,F&F,"15,400,000",kospi
114090,GKL,"61,855,670",kospi
78930,GS,"92,915,378",kospi
6360,GS건설,"71,000,000",kospi
1250,GS글로벌,"82,533,764",kospi
7070,GS리테일,"77,000,000",kospi
1500,HMC투자증권,"29,337,111",kospi
3560,IHQ,"143,556,056",kospi
175330,JB금융지주,"155,439,423",kospi
234080,JW생명과학,"7,917,277",kospi
1060,JW중외제약,"19,117,112",kospi
96760,JW홀딩스,"61,308,431",kospi
105560,KB금융,"418,111,537",kospi
2550,KB손해보험,"66,500,000",kospi
21960,KB캐피탈,"21,492,128",kospi
2380,KCC,"10,556,513",kospi
9070,KCTC,"30,000,000",kospi
9440,KC그린홀딩스,"22,434,980",kospi
119650,KC코트렐,"13,000,000",kospi
92220,KEC,"89,047,384",kospi
109070,KGP,"65,814,325",kospi
1390,KG케미칼,"11,576,968",kospi
1940,KISCO홀딩스,"3,695,276",kospi
83420,KPX그린케미칼,"20,000,000",kospi
25000,KPX케미칼,"4,840,000",kospi
92230,KPX홀딩스,"4,224,646",kospi
40,KR모터스,"176,129,474",kospi
44450,KSS해운,"23,185,880",kospi
30200,KT,"261,111,808",kospi
33780,KT&G,"137,292,497",kospi
30210,KTB투자증권,"60,314,092",kospi
58850,KTcs,"42,685,000",kospi
93050,LF,"29,240,000",kospi
3550,LG,"172,557,131",kospi
34220,LG디스플레이,"357,815,700",kospi
1120,LG상사,"38,760,000",kospi
51900,LG생활건강,"15,618,197",kospi
32640,LG유플러스,"436,611,361",kospi
11070,LG이노텍,"23,667,107",kospi
66570,LG전자,"163,647,814",kospi
108670,LG하우시스,"8,967,670",kospi
51910,LG화학,"70,592,343",kospi
79550,LIG넥스원,"22,000,000",kospi
6260,LS,"32,200,000",kospi
680,LS네트웍스,"78,803,016",kospi
10120,LS산전,"30,000,000",kospi
229640,LS전선아시아,"30,624,879",kospi
23150,MH에탄올,"7,378,526",kospi
35420,NAVER,"32,962,679",kospi
181710,NHN엔터테인먼트,"19,565,025",kospi
5940,NH투자증권,"281,408,887",kospi
34310,NICE,"37,882,300",kospi
8260,NI스틸,"28,426,850",kospi
4250,NPC,"36,720,000",kospi
10060,OCI,"23,849,371",kospi
5490,POSCO,"87,186,835",kospi
100840,S&TC,"7,084,612",kospi
64960,S&T모티브,"14,623,136",kospi
3570,S&T중공업,"32,473,439",kospi
36530,S&T홀딩스,"15,830,105",kospi
10950,S-Oil,"112,582,792",kospi
34120,SBS,"18,252,582",kospi
101060,SBS미디어홀딩스,"139,896,190",kospi
4060,SG세계물산,"202,424,960",kospi
1380,SG충방,"41,747,470",kospi
2360,SH에너지화학,"111,133,730",kospi
9160,SIMPAC,"29,084,925",kospi
123700,SJM,"15,604,898",kospi
25530,SJM홀딩스,"14,934,008",kospi
34730,SK,"70,360,297",kospi
11790,SKC,"37,534,555",kospi
18670,SK가스,"8,881,471",kospi
1740,SK네트웍스,"248,187,647",kospi
210980,SK디앤디,"10,770,000",kospi
96770,SK이노베이션,"92,465,564",kospi
1510,SK증권,"320,117,171",kospi
6120,SK케미칼,"24,303,255",kospi
17670,SK텔레콤,"80,745,711",kospi
660,SK하이닉스,"728,002,365",kospi
5610,SPC삼립,"8,629,009",kospi
11810,STX,"47,334,308",kospi
77970,STX엔진,"23,008,904",kospi
71970,STX중공업,"23,792,327",kospi
84870,TBH글로벌,"20,856,819",kospi
2710,TCC동양,"22,342,500",kospi
24070,WISCOM,"15,025,920",kospi
37270,YG PLUS,"58,170,704",kospi
500,가온전선,"4,160,347",kospi
860,강남제비스코,"6,500,000",kospi
35250,강원랜드,"213,940,500",kospi
11420,갤럭시아에스엠,"27,549,644",kospi
2100,경농,"21,691,750",kospi
12320,경동가스,"3,484,800",kospi
9450,경동나비엔,"12,739,510",kospi
50,경방,"27,415,270",kospi
214390,경보제약,"23,906,860",kospi
12610,경인양행,"40,396,365",kospi
9140,경인전자,"1,570,797",kospi
13580,계룡건설,"8,930,907",kospi
12200,계양전기,"32,600,000",kospi
4200,고려개발,"21,550,000",kospi
2140,고려산업,"24,939,425",kospi
10130,고려아연,"18,870,000",kospi
2240,고려제강,"18,000,000",kospi
9810,고려포리머,"66,257,536",kospi
1290,골든브릿지증권,"63,737,067",kospi
9290,광동제약,"52,420,851",kospi
17040,광명전기,"43,337,615",kospi
17900,광전자,"57,943,763",kospi
37710,광주신세계,"1,600,000",kospi
192530,광주은행,"51,316,057",kospi
140910,광희리츠,"3,628,735",kospi
30610,교보증권,"36,000,000",kospi
7690,국도화학,"5,810,616",kospi
5320,국동,"5,914,052",kospi
1140,국보,"1,027,304",kospi
2720,국제약품,"16,607,318",kospi
14530,극동유화,"34,869,420",kospi
14280,금강공업,"4,855,964",kospi
8870,금비,"1,000,000",kospi
1570,금양,"39,353,308",kospi
2990,금호산업,"35,090,993",kospi
11780,금호석유,"30,467,691",kospi
214330,금호에이치티,"9,765,000",kospi
1210,금호전기,"6,916,051",kospi
73240,금호타이어,"157,993,158",kospi
92440,기신정기,"29,200,000",kospi
270,기아차,"405,363,347",kospi
24110,기업은행,"559,978,815",kospi
13700,까뮤이앤씨,"4,515,228",kospi
4540,깨끗한나라,"37,234,016",kospi
7460,나라케이아이씨,"16,926,996",kospi
1260,남광토건,"9,796,455",kospi
8350,남선알미늄,"110,179,090",kospi
4270,남성,"36,212,160",kospi
3920,남양유업,"720,000",kospi
2070,남영비비안,"6,867,945",kospi
25860,남해화학,"49,678,843",kospi
5720,넥센,"50,880,170",kospi
2350,넥센타이어,"96,415,877",kospi
110570,넥솔론,"161,170,196",kospi
90350,노루페인트,"20,000,000",kospi
320,노루홀딩스,"13,198,611",kospi
6280,녹십자,"11,686,538",kospi
5250,녹십자홀딩스,"47,028,210",kospi
4370,농심,"6,082,642",kospi
72710,농심홀딩스,"4,637,790",kospi
23590,다우기술,"44,866,617",kospi
20120,다우인큐브,"15,832,549",kospi
15590,대경기계,"70,739,890",kospi
19680,대교,"84,702,850",kospi
6370,대구백화점,"10,821,611",kospi
4130,대덕GDS,"20,575,613",kospi
8060,대덕전자,"48,796,300",kospi
490,대동공업,"23,728,210",kospi
8110,대동전자,"10,490,447",kospi
5750,대림B&Co,"16,672,240",kospi
210,대림산업,"34,800,000",kospi
4440,대림씨엔에스,"12,731,947",kospi
6570,대림통상,"15,225,000",kospi
1680,대상,"34,411,575",kospi
84690,대상홀딩스,"36,212,538",kospi
128820,대성산업,"24,087,955",kospi
117580,대성에너지,"27,500,000",kospi
5620,대성합동지주,"1,799,077",kospi
16710,대성홀딩스,"16,089,459",kospi
3540,대신증권,"50,773,400",kospi
9190,대양금속,"12,317,933",kospi
14160,대영포장,"106,584,898",kospi
47040,대우건설,"415,622,638",kospi
9320,대우부품,"47,646,375",kospi
42660,대우조선해양,"65,576,960",kospi
3090,대웅,"11,628,396",kospi
69620,대웅제약,"11,586,575",kospi
430,대원강업,"62,000,000",kospi
6340,대원전선,"68,107,171",kospi
3220,대원제약,"17,681,504",kospi
24890,대원화성,"41,249,152",kospi
2880,대유에이텍,"91,784,300",kospi
300,대유플러스,"88,120,526",kospi
12800,대창,"91,140,499",kospi
15230,대창단조,"2,000,000",kospi
1070,대한방직,"1,060,000",kospi
6650,대한유화,"6,500,000",kospi
1440,대한전선,"856,473,009",kospi
84010,대한제강,"24,646,734",kospi
1790,대한제당,"8,840,002",kospi
1130,대한제분,"1,690,000",kospi
3490,대한항공,"72,839,744",kospi
5880,대한해운,"24,426,504",kospi
3830,대한화섬,"1,328,000",kospi
16090,대현,"45,282,310",kospi
69460,대호에이엘,"27,134,839",kospi
12510,더존비즈온,"29,672,700",kospi
4830,덕성,"15,680,000",kospi
24900,덕양산업,"32,564,980",kospi
8000,도레이케미칼,"46,363,851",kospi
2150,도화엔지니어링,"33,720,000",kospi
1620,동국실업,"29,042,766",kospi
1230,동국제강,"95,432,737",kospi
23450,동남합성,"1,510,074",kospi
4140,동방,"32,523,970",kospi
7590,동방아그로,"13,617,577",kospi
12030,동부,"182,126,320",kospi
5960,동부건설,"20,818,499",kospi
16380,동부제철,"25,000,122",kospi
16610,동부증권,"42,446,389",kospi
990,동부하이텍,"44,367,832",kospi
5830,동부화재,"70,800,000",kospi
83350,동북아10호,"1,585,660",kospi
83360,동북아11호,"1,585,660",kospi
83370,동북아12호,"1,585,660",kospi
83380,동북아13호,"1,585,660",kospi
83390,동북아14호,"1,585,660",kospi
26960,동서,"99,700,000",kospi
2210,동성제약,"22,404,756",kospi
102260,동성코퍼레이션,"45,444,970",kospi
5190,동성화학,"5,304,983",kospi
640,동아쏘시오홀딩스,"6,137,913",kospi
58730,동아에스텍,"15,370,000",kospi
170900,동아에스티,"8,443,868",kospi
28100,동아지질,"11,500,000",kospi
7340,동아타이어,"23,727,020",kospi
1520,동양,"238,684,063",kospi
84670,동양고속,"2,652,000",kospi
30790,동양네트웍스,"52,734,346",kospi
2900,동양물산,"65,388,900",kospi
82640,동양생명,"107,572,390",kospi
8970,동양철관,"85,584,047",kospi
3580,동원,"1,278,717",kospi
49770,동원F&B,"3,859,124",kospi
18500,동원금속,"35,122,525",kospi
6040,동원산업,"3,363,200",kospi
30720,동원수산,"4,059,609",kospi
14820,동원시스템즈,"24,079,554",kospi
163560,동일고무벨트,"12,270,000",kospi
1530,동일방직,"2,294,311",kospi
4890,동일산업,"2,425,215",kospi
2690,동일제강,"15,000,000",kospi
20,동화약품,"27,931,470",kospi
150,두산,"20,206,888",kospi
11160,두산건설,"61,114,965",kospi
241560,두산밥캣,"100,249,166",kospi
82740,두산엔진,"69,500,000",kospi
42670,두산인프라코어,"207,455,314",kospi
34020,두산중공업,"106,457,586",kospi
16740,두올,"17,755,500",kospi
24090,디씨엠,"11,700,000",kospi
3160,디아이,"31,496,785",kospi
92200,디아이씨,"21,700,000",kospi
13570,디와이,"26,319,633",kospi
210540,디와이파워,"11,041,708",kospi
26890,디피씨,"41,678,175",kospi
115390,락앤락,"55,000,000",kospi
32350,롯데관광개발,"45,395,023",kospi
400,롯데손해보험,"134,280,000",kospi
23530,롯데쇼핑,"31,490,892",kospi
4000,롯데정밀화학,"25,800,000",kospi
4990,롯데제과,"14,214,000",kospi
5300,롯데칠성,"1,237,203",kospi
11170,롯데케미칼,"34,275,419",kospi
2270,롯데푸드,"1,369,436",kospi
71840,롯데하이마트,"23,607,712",kospi
27740,마니커,"116,725,477",kospi
204320,만도,"9,391,424",kospi
1080,만호제강,"4,150,000",kospi
88980,맥쿼리인프라,"331,459,341",kospi
94800,맵스리얼티1,"92,834,331",kospi
138040,메리츠금융지주,"142,885,818",kospi
8560,메리츠종금증권,"496,638,534",kospi
60,메리츠화재,"110,338,000",kospi
17180,명문제약,"23,220,000",kospi
12690,모나리자,"36,571,255",kospi
5360,모나미,"18,897,307",kospi
204210,모두투어리츠,"7,826,815",kospi
9680,모토닉,"33,000,000",kospi
9580,무림P&P,"62,368,324",kospi
9200,무림페이퍼,"41,609,310",kospi
33920,무학,"28,500,000",kospi
8420,문배철강,"20,503,505",kospi
25560,미래산업,"630,818,400",kospi
7120,미래아이앤지,"63,587,319",kospi
6800,미래에셋대우,"666,316,408",kospi
85620,미래에셋생명,"145,180,000",kospi
2840,미원상사,"881,006",kospi
107590,미원에스씨,"704,641",kospi
134380,미원화학,"2,217,952",kospi
3650,미창석유,"1,739,672",kospi
155900,바다로19호,"15,200,004",kospi
3610,방림,"4,231,409",kospi
1340,백광산업,"44,918,407",kospi
14580,백광소재,"27,583,100",kospi
35150,백산,"24,200,000",kospi
2410,범양건영,"4,752,927",kospi
96300,베트남개발1,"124,249,261",kospi
7210,벽산,"68,560,000",kospi
2760,보락,"11,980,000",kospi
3850,보령제약,"8,840,000",kospi
4740,보루네오,"39,986,091",kospi
890,보해양조,"96,012,607",kospi
3000,부광약품,"37,387,521",kospi
1270,부국증권,"10,369,886",kospi
26940,부국철강,"20,000,000",kospi
15350,부산가스,"11,000,000",kospi
11390,부산산업,"1,056,000",kospi
5030,부산주공,"22,600,000",kospi
100220,비상교육,"12,996,741",kospi
5180,빙그레,"9,851,241",kospi
3960,사조대림,"5,960,575",kospi
8040,사조동아원,"65,180,349",kospi
7160,사조산업,"5,000,000",kospi
14710,사조씨푸드,"17,218,543",kospi
6090,사조오양,"9,422,739",kospi
79660,사조해표,"7,160,000",kospi
5090,삼광글라스,"4,854,418",kospi
1470,삼부토건,"9,758,395",kospi
6400,삼성SDI,"68,764,530",kospi
6660,삼성공조,"8,126,314",kospi
28260,삼성물산,"189,690,043",kospi
207940,삼성바이오로직스,"66,165,000",kospi
32830,삼성생명,"200,000,000",kospi
18260,삼성에스디에스,"77,377,800",kospi
28050,삼성엔지니어링,"196,000,000",kospi
9150,삼성전기,"74,693,696",kospi
5930,삼성전자,"140,679,337",kospi
1360,삼성제약,"39,713,570",kospi
10140,삼성중공업,"390,000,000",kospi
16360,삼성증권,"76,435,165",kospi
68290,삼성출판사,"10,000,000",kospi
29780,삼성카드,"115,858,891",kospi
810,삼성화재,"47,374,837",kospi
6110,삼아알미늄,"11,000,000",kospi
145990,삼양사,"10,289,803",kospi
3230,삼양식품,"7,533,015",kospi
2170,삼양통상,"3,000,000",kospi
70,삼양홀딩스,"8,564,271",kospi
2810,삼영무역,"16,466,623",kospi
5680,삼영전자,"20,000,000",kospi
3720,삼영화학,"34,000,000",kospi
23000,삼원강재,"40,000,000",kospi
4380,삼익THK,"21,000,000",kospi
2450,삼익악기,"83,864,249",kospi
520,삼일제약,"5,500,000",kospi
9770,삼정펄프,"2,499,971",kospi
5500,삼진제약,"13,900,000",kospi
4690,삼천리,"4,055,025",kospi
1880,삼호,"15,179,766",kospi
10960,삼호개발,"25,000,000",kospi
4450,삼화왕관,"2,154,379",kospi
9470,삼화전기,"6,613,820",kospi
11230,삼화전자,"14,273,820",kospi
1820,삼화콘덴서,"10,395,000",kospi
390,삼화페인트,"25,388,674",kospi
41650,상신브레이크,"21,471,450",kospi
75180,새론오토모티브,"19,200,000",kospi
7540,샘표,"2,875,800",kospi
248170,샘표식품,"4,568,286",kospi
7860,서연,"23,479,844",kospi
200880,서연이화,"27,028,437",kospi
17390,서울가스,"5,000,000",kospi
4410,서울식품,"13,496,400",kospi
21050,서원,"47,474,590",kospi
8490,서흥,"11,569,113",kospi
7610,선도전기,"18,000,000",kospi
136490,선진,"8,140,000",kospi
2820,선창산업,"12,607,989",kospi
14910,성문전자,"16,554,309",kospi
3080,성보화학,"20,020,000",kospi
4980,성신양회,"24,008,482",kospi
11300,성안,"56,857,860",kospi
5980,성지건설,"97,481,640",kospi
180,성창기업지주,"69,751,600",kospi
2420,세기상사,"407,592",kospi
4360,세방,"19,308,690",kospi
4490,세방전지,"14,000,000",kospi
1430,세아베스틸,"35,862,119",kospi
3030,세아제강,"6,000,000",kospi
19440,세아특수강,"8,570,000",kospi
58650,세아홀딩스,"4,000,000",kospi
13000,세우글로벌,"23,690,705",kospi
91090,세원셀론텍,"60,593,178",kospi
21820,세원정공,"10,000,000",kospi
67830,세이브존I&C,"41,040,895",kospi
33530,세종공업,"20,054,430",kospi
75580,세진중공업,"38,372,720",kospi
27970,세하,"23,499,013",kospi
145210,세화아이엠씨,"11,882,640",kospi
4430,송원산업,"24,000,000",kospi
17550,수산중공업,"53,985,163",kospi
2200,수출포장,"4,000,000",kospi
3060,슈넬생명과학,"80,883,447",kospi
53210,스카이라이프,"47,821,966",kospi
16590,신대양제지,"3,869,237",kospi
29530,신도리코,"10,080,029",kospi
4970,신라교역,"16,000,000",kospi
11930,신성솔라에너지,"172,993,713",kospi
5390,신성통상,"143,708,390",kospi
4170,신세계,"9,845,181",kospi
35510,신세계 I&C,"1,720,000",kospi
34300,신세계건설,"4,000,000",kospi
31430,신세계인터내셔날,"7,140,000",kospi
31440,신세계푸드,"3,872,480",kospi
6880,신송홀딩스,"11,828,858",kospi
5800,신영와코루,"900,000",kospi
1720,신영증권,"9,386,237",kospi
9270,신원,"63,303,370",kospi
2700,신일산업,"71,047,521",kospi
19170,신풍제약,"52,984,990",kospi
2870,신풍제지,"3,495,870",kospi
5450,신한,"7,022,839",kospi
55550,신한지주,"474,199,587",kospi
1770,신화실업,"1,214,878",kospi
4080,신흥,"9,600,000",kospi
102280,쌍방울,"129,124,213",kospi
47400,쌍용머티리얼,"42,000,000",kospi
3410,쌍용양회,"87,478,869",kospi
3620,쌍용차,"137,220,096",kospi
4770,써니전자,"29,976,480",kospi
4920,씨아이테크,"44,787,538",kospi
112610,씨에스윈드,"17,285,715",kospi
8700,아남전자,"77,124,820",kospi
2790,아모레G,"82,458,180",kospi
90430,아모레퍼시픽,"58,458,490",kospi
90370,아비스타,"61,443,334",kospi
2030,아세아,"2,191,024",kospi
183190,아세아시멘트,"3,295,809",kospi
2310,아세아제지,"8,956,502",kospi
83570,아시아10호,"2,607,905",kospi
83580,아시아11호,"2,607,905",kospi
83590,아시아12호,"2,607,905",kospi
83600,아시아13호,"2,607,905",kospi
83610,아시아14호,"1,946,194",kospi
83620,아시아15호,"1,946,583",kospi
20560,아시아나항공,"205,235,294",kospi
122900,아이마켓코리아,"35,943,340",kospi
10780,아이에스동서,"30,718,521",kospi
39570,아이콘트롤스,"8,230,000",kospi
33660,아주캐피탈,"57,545,890",kospi
101140,아티스,"20,027,281",kospi
1780,알루코,"74,524,102",kospi
2250,알보젠코리아,"11,857,922",kospi
7630,암니스,"16,981,103",kospi
161000,애경유화,"32,040,000",kospi
11090,에넥스,"59,991,641",kospi
5850,에스엘,"33,865,090",kospi
12750,에스원,"37,999,178",kospi
23960,에쓰씨엔지니어링,"10,176,982",kospi
78520,에이블씨엔씨,"15,378,717",kospi
15260,에이엔피,"48,684,868",kospi
36570,엔씨소프트,"21,929,022",kospi
138250,엔에스쇼핑,"3,369,600",kospi
85310,엔케이,"48,983,352",kospi
69640,엠케이트렌드,"12,909,322",kospi
14440,영보화학,"20,000,000",kospi
111770,영원무역,"44,311,468",kospi
9970,영원무역홀딩스,"13,635,592",kospi
3520,영진약품,"182,892,731",kospi
670,영풍,"1,842,040",kospi
6740,영풍제지,"22,200,000",kospi
12280,영화금속,"45,451,006",kospi
12160,영흥철강,"85,826,509",kospi
15360,예스코,"6,000,000",kospi
7310,오뚜기,"3,440,000",kospi
2630,오리엔트바이오,"161,060,844",kospi
1800,오리온,"6,008,435",kospi
10600,와이비로드,"15,249,884",kospi
70960,용평리조트,"48,133,333",kospi
4720,우리들제약,"10,055,292",kospi
118000,우리들휴브레인,"18,429,147",kospi
30,우리은행,"676,000,000",kospi
10050,우리종금,"474,203,406",kospi
6980,우성사료,"30,900,000",kospi
17370,우신시스템,"18,314,054",kospi
105840,우진,"17,360,000",kospi
49800,우진플라임,"10,000,000",kospi
16880,웅진,"72,677,207",kospi
95720,웅진씽크빅,"34,621,165",kospi
103130,웅진에너지,"22,889,719",kospi
5820,원림,"2,200,000",kospi
8600,윌비스,"57,000,000",kospi
33270,유나이티드제약,"16,207,322",kospi
14830,유니드,"8,889,843",kospi
910,유니온,"15,611,619",kospi
11330,유니켐,"50,980,259",kospi
77500,유니퀘스트,"27,049,809",kospi
2920,유성기업,"25,947,500",kospi
700,유수홀딩스,"26,041,812",kospi
3470,유안타증권,"199,577,435",kospi
11690,유양디앤유,"46,144,269",kospi
72130,유엔젤,"13,195,454",kospi
220,유유제약,"6,161,406",kospi
1200,유진투자증권,"96,866,418",kospi
100,유한양행,"11,665,896",kospi
3460,유화증권,"11,340,483",kospi
8730,율촌화학,"24,800,000",kospi
8250,이건산업,"9,373,525",kospi
25820,이구산업,"33,442,000",kospi
214320,이노션,"20,000,000",kospi
139480,이마트,"27,875,819",kospi
7660,이수페타시스,"41,268,398",kospi
5950,이수화학,"15,278,000",kospi
15020,이스타코,"42,851,600",kospi
93230,이아이디,"72,690,174",kospi
74610,이엔쓰리,"18,039,487",kospi
102460,이연제약,"12,900,000",kospi
84680,이월드,"90,509,897",kospi
760,이화산업,"2,800,000",kospi
14990,인디에프,"58,932,995",kospi
6490,인스코비,"84,826,521",kospi
23800,인지컨트롤스,"15,160,128",kospi
34590,인천도시가스,"4,374,754",kospi
129260,인터지스,"29,747,874",kospi
23810,인팩,"10,000,000",kospi
249420,일동제약,"17,845,253",kospi
230,일동홀딩스,"7,222,812",kospi
13360,일성건설,"5,340,364",kospi
3120,일성신약,"2,660,000",kospi
3200,일신방직,"2,400,000",kospi
7110,일신석재,"77,456,610",kospi
7570,일양약품,"19,045,984",kospi
8500,일정실업,"1,200,000",kospi
81000,일진다이아,"11,277,975",kospi
20760,일진디스플,"28,314,440",kospi
20150,일진머티리얼즈,"39,200,000",kospi
103590,일진전기,"37,080,390",kospi
15860,일진홀딩스,"49,347,483",kospi
226320,잇츠스킨,"17,471,300",kospi
33240,자화전자,"17,900,000",kospi
950,전방,"1,680,000",kospi
194370,제이에스코퍼레이션,"13,157,051",kospi
25620,제이준,"57,606,071",kospi
30000,제일기획,"115,041,225",kospi
2620,제일약품,"14,850,000",kospi
1560,제일연마,"10,000,000",kospi
6220,제주은행,"22,128,774",kospi
89590,제주항공,"26,294,258",kospi
4910,조광페인트,"12,800,000",kospi
4700,조광피혁,"6,649,138",kospi
1550,조비,"4,391,637",kospi
480,조선내화,"4,000,000",kospi
120030,조선선재,"1,257,651",kospi
18470,조일알미늄,"69,600,000",kospi
2600,조흥,"600,000",kospi
185750,종근당,"9,409,050",kospi
63160,종근당바이오,"5,229,489",kospi
1630,종근당홀딩스,"5,009,861",kospi
44380,주연테크,"58,078,511",kospi
900050,중국원양자원,"97,859,369",kospi
13870,지엠비코리아,"19,072,280",kospi
71320,지역난방공사,"11,578,744",kospi
10580,지코,"45,004,179",kospi
35000,지투알,"16,567,409",kospi
88790,진도,"12,447,744",kospi
3780,진양산업,"13,000,000",kospi
10640,진양폴리,"10,000,000",kospi
100250,진양홀딩스,"55,895,292",kospi
51630,진양화학,"12,000,000",kospi
11000,진원생명과학,"16,150,563",kospi
2780,진흥기업,"152,562,189",kospi
9310,참엔지니어링,"49,189,958",kospi
650,천일고속,"1,429,220",kospi
12600,청호컴넷,"8,376,352",kospi
33250,체시스,"24,000,000",kospi
6380,카프로,"40,000,000",kospi
29460,케이씨텍,"33,393,384",kospi
145270,케이탑리츠,"41,333,150",kospi
58860,케이티스,"34,802,000",kospi
900140,코라오홀딩스,"47,869,508",kospi
90970,코리아01호,"2,191,080",kospi
90980,코리아02호,"2,191,080",kospi
90990,코리아03호,"2,191,080",kospi
91000,코리아04호,"2,191,080",kospi
7810,코리아써키트,"23,620,751",kospi
152330,코리아오토글라스,"20,000,000",kospi
3690,코리안리,"120,369,116",kospi
192820,코스맥스,"10,049,509",kospi
44820,코스맥스비티아이,"9,603,921",kospi
5070,코스모신소재,"15,077,968",kospi
5420,코스모화학,"13,328,444",kospi
71950,코아스,"30,907,210",kospi
2020,코오롱,"12,061,185",kospi
3070,코오롱글로벌,"16,570,088",kospi
144620,코오롱머티리얼,"9,000,000",kospi
120110,코오롱인더,"25,151,578",kospi
138490,코오롱플라스틱,"38,000,000",kospi
21240,코웨이,"76,380,513",kospi
31820,콤텍시스템,"31,851,466",kospi
192400,쿠쿠전자,"9,803,360",kospi
5740,크라운제과,"14,735,240",kospi
39490,키움증권,"22,099,740",kospi
12170,키위미디어그룹,"137,229,808",kospi
15890,태경산업,"29,228,750",kospi
6890,태경화학,"11,600,000",kospi
3240,태광산업,"1,113,400",kospi
11280,태림포장,"70,805,940",kospi
4100,태양금속,"36,700,000",kospi
9410,태영건설,"76,400,000",kospi
1420,태원물산,"7,600,000",kospi
7980,태평양물산,"43,269,712",kospi
78000,텔코웨어,"9,702,706",kospi
214420,토니모리,"17,640,000",kospi
140890,트러스제7호,"9,686,000",kospi
19180,티에이치엔,"18,000,000",kospi
4870,티웨이홀딩스,"16,250,814",kospi
134790,팀스,"2,000,000",kospi
5690,파미셀,"58,382,610",kospi
36580,팜스코,"36,727,943",kospi
28670,팬오션,"534,396,771",kospi
10820,퍼스텍,"46,764,840",kospi
16800,퍼시스,"11,500,000",kospi
1020,페이퍼코리아,"224,367,056",kospi
90080,평화산업,"37,403,844",kospi
10770,평화홀딩스,"14,625,466",kospi
58430,포스코강판,"6,000,000",kospi
47050,포스코대우,"113,876,291",kospi
17810,풀무원,"3,809,095",kospi
103140,풍산,"28,024,278",kospi
5810,풍산홀딩스,"7,835,167",kospi
33180,필룩스,"25,819,408",kospi
86790,하나금융지주,"296,003,062",kospi
99340,하나니켈1호,"22,756,200",kospi
99350,하나니켈2호,"3,284,000",kospi
39130,하나투어,"11,616,185",kospi
172580,하이골드12호,"13,044,500",kospi
153360,하이골드3호,"16,149,790",kospi
159650,하이골드8호,"14,905,929",kospi
71090,하이스틸,"1,999,944",kospi
19490,하이트론,"5,530,735",kospi
80,하이트진로,"70,133,611",kospi
140,하이트진로홀딩스,"23,206,765",kospi
152550,한국ANKOR유전,"70,020,000",kospi
36460,한국가스공사,"92,313,000",kospi
5430,한국공항,"3,166,355",kospi
71050,한국금융지주,"55,725,992",kospi
10040,한국내화,"22,863,632",kospi
25540,한국단자,"10,415,000",kospi
4090,한국석유,"655,200",kospi
2960,한국쉘석유,"1,300,000",kospi
2000,한국유리,"10,079,660",kospi
123890,한국자산신탁,"85,000,000",kospi
15760,한국전력,"641,964,077",kospi
6200,한국전자홀딩스,"46,803,136",kospi
2300,한국제지,"5,004,949",kospi
23350,한국종합기술,"10,950,000",kospi
25890,한국주강,"11,309,259",kospi
970,한국주철관,"22,800,500",kospi
104700,한국철강,"9,210,000",kospi
17960,한국카본,"43,960,757",kospi
161890,한국콜마,"21,100,151",kospi
24720,한국콜마홀딩스,"16,748,936",kospi
161390,한국타이어,"123,875,069",kospi
240,한국타이어월드와이드,"93,020,173",kospi
34830,한국토지신탁,"252,489,230",kospi
7280,한국특수형강,"18,020,878",kospi
168490,한국패러랠,"80,020,000",kospi
10100,한국프랜지,"6,090,084",kospi
47810,한국항공우주,"97,475,107",kospi
123690,한국화장품,"16,068,000",kospi
3350,한국화장품제조,"4,532,000",kospi
11500,한농화성,"15,637,042",kospi
2390,한독,"12,594,080",kospi
14790,한라,"36,494,942",kospi
60980,한라홀딩스,"10,802,691",kospi
53690,한미글로벌,"10,855,588",kospi
42700,한미반도체,"25,432,841",kospi
8930,한미사이언스,"58,290,309",kospi
128940,한미약품,"10,435,111",kospi
9240,한샘,"23,533,928",kospi
20000,한섬,"24,630,000",kospi
3680,한성기업,"5,477,951",kospi
105630,한세실업,"40,000,000",kospi
16450,한세예스24홀딩스,"40,000,000",kospi
10420,한솔PNS,"20,493,012",kospi
9180,한솔로지스틱스,"16,477,425",kospi
7190,한솔아트원제지,"38,478,081",kospi
213500,한솔제지,"20,136,509",kospi
14680,한솔케미칼,"11,295,195",kospi
4710,한솔테크닉스,"22,109,878",kospi
4150,한솔홀딩스,"46,359,871",kospi
25750,한솔홈데코,"80,565,149",kospi
4960,한신공영,"10,166,455",kospi
11700,한신기계,"32,446,151",kospi
1750,한양증권,"12,728,534",kospi
18880,한온시스템,"533,800,000",kospi
9420,한올바이오파마,"52,240,638",kospi
14130,한익스프레스,"1,200,000",kospi
3300,한일시멘트,"7,545,313",kospi
2220,한일철강,"2,040,000",kospi
51600,한전KPS,"45,000,000",kospi
52690,한전기술,"38,220,000",kospi
130660,한전산업,"32,600,000",kospi
2320,한진,"11,974,656",kospi
97230,한진중공업,"106,052,508",kospi
3480,한진중공업홀딩스,"29,529,812",kospi
180640,한진칼,"59,170,458",kospi
117930,한진해운,"245,269,947",kospi
5110,한창,"34,458,589",kospi
9460,한창제지,"59,667,486",kospi
880,한화,"74,958,735",kospi
27390,한화갤러리아타임월드,"6,000,131",kospi
88350,한화생명,"868,530,000",kospi
370,한화손해보험,"90,738,915",kospi
9830,한화케미칼,"164,809,359",kospi
12450,한화테크윈,"53,130,000",kospi
3530,한화투자증권,"172,442,511",kospi
15540,핫텍,"3,494,097",kospi
195870,해성디에스,"17,000,000",kospi
101530,해태제과식품,"29,116,822",kospi
143210,핸즈코퍼레이션,"21,646,800",kospi
89470,현대EP,"31,900,000",kospi
720,현대건설,"111,355,765",kospi
5440,현대그린푸드,"97,704,482",kospi
86280,현대글로비스,"37,500,000",kospi
64350,현대로템,"85,000,000",kospi
79430,현대리바트,"17,261,650",kospi
12330,현대모비스,"97,343,863",kospi
10620,현대미포조선,"20,000,000",kospi
69960,현대백화점,"23,402,441",kospi
4560,현대비앤지스틸,"15,078,811",kospi
12630,현대산업,"75,384,180",kospi
11760,현대상사,"13,228,966",kospi
11200,현대상선,"177,861,977",kospi
6390,현대시멘트,"16,758,544",kospi
227840,현대씨앤에프,"9,100,836",kospi
4310,현대약품,"28,000,000",kospi
126560,현대에이치씨엔,"112,876,596",kospi
17800,현대엘리베이,"24,632,513",kospi
11210,현대위아,"27,195,083",kospi
4020,현대제철,"133,445,785",kospi
9540,현대중공업,"76,000,000",kospi
5380,현대차,"220,276,479",kospi
1450,현대해상,"89,400,000",kospi
57050,현대홈쇼핑,"12,000,000",kospi
93240,형지엘리트,"17,831,138",kospi
3010,혜인,"12,712,747",kospi
111110,호전실업,"8,000,000",kospi
8770,호텔신라,"39,248,121",kospi
2460,화성산업,"12,450,800",kospi
13520,화승알앤에이,"6,456,121",kospi
241590,화승엔터프라이즈,"26,929,479",kospi
6060,화승인더,"55,320,000",kospi
10690,화신,"34,920,410",kospi
133820,화인베스틸,"32,100,000",kospi
10660,화천기계,"2,200,000",kospi
850,화천기공,"2,200,000",kospi
16580,환인제약,"18,600,070",kospi
32560,황금에스티,"14,000,000",kospi
4800,효성,"35,117,455",kospi
94280,효성ITX,"11,558,200",kospi
93370,후성,"92,399,753",kospi
81660,휠라코리아,"11,458,014",kospi
5870,휴니드,"14,028,015",kospi
79980,휴비스,"34,500,000",kospi
5010,휴스틸,"6,918,617",kospi
69260,휴켐스,"40,878,588",kospi
540,흥국화재,"64,242,645",kospi
3280,흥아해운,"127,713,430",kospi
60310,3S,"41,974,138",kosdaq
54620,AP시스템,"25,609,961",kosdaq
211270,AP위성,"15,014,804",kosdaq
32040,C&S자산관리,"28,554,841",kosdaq
130960,CJ E&M,"38,732,089",kosdaq
35760,CJ오쇼핑,"6,215,518",kosdaq
51500,CJ프레시웨이,"11,871,586",kosdaq
58820,CMG제약,"108,707,244",kosdaq
23460,CNH,"37,200,000",kosdaq
65770,CS,"18,835,150",kosdaq
83660,CSA 코스믹,"19,205,147",kosdaq
68790,DMS,"22,572,487",kosdaq
241520,DSC인베스트먼트,"17,500,000",kosdaq
37370,EG,"7,500,000",kosdaq
79190,EMW,"27,870,149",kosdaq
130500,GH신소재,"7,000,000",kosdaq
32860,GMR 머티리얼즈,"59,958,840",kosdaq
900290,GRT,"67,375,000",kosdaq
83450,GST,"9,317,745",kosdaq
28150,GS홈쇼핑,"6,562,500",kosdaq
78150,HB테크놀러지,"77,158,440",kosdaq
36640,HRS,"16,354,800",kosdaq
225430,IBKS제3호스팩,"4,500,000",kosdaq
254120,IBKS제5호스팩,"4,500,000",kosdaq
252500,IBKS지엠비스팩,"5,315,000",kosdaq
95340,ISC,"12,957,132",kosdaq
99520,ITX엠투엠,"14,113,383",kosdaq
67290,JW신약,"39,044,958",kosdaq
35900,JYP Ent.,"34,043,012",kosdaq
24120,KB오토시스,"11,500,000",kosdaq
21320,KCC건설,"21,400,000",kosdaq
36670,KCI,"11,270,000",kosdaq
44180,KD건설,"252,486,194",kosdaq
151860,KG ETS,"36,000,000",kosdaq
46440,KG모빌리언스,"20,711,421",kosdaq
35600,KG이니시스,"26,580,081",kosdaq
60720,KH바텍,"20,000,000",kosdaq
83470,KJ프리텍,"21,273,036",kosdaq
122450,KMH,"13,473,695",kosdaq
52900,KMH하이텍,"43,755,258",kosdaq
58400,KNN,"132,429,720",kosdaq
114450,KPX생명과학,"15,000,000",kosdaq
36030,KTH,"35,715,022",kosdaq
43610,KT뮤직,"41,813,833",kosdaq
60370,KT서브마린,"21,900,000",kosdaq
159910,MBK,"73,843,796",kosdaq
86960,MDS테크,"8,825,608",kosdaq
65150,MPK,"80,808,407",kosdaq
160550,NEW,"27,406,106",kosdaq
60250,NHN한국사이버결제,"18,344,243",kosdaq
30190,NICE평가정보,"60,714,820",kosdaq
24940,PN풍년,"10,000,000",kosdaq
91340,S&K폴리텍,"8,736,817",kosdaq
950110,SBI액시즈,"21,365,400",kosdaq
19550,SBI인베스트먼트,"162,066,575",kosdaq
46140,SBS콘텐츠허브,"21,463,555",kosdaq
36120,SCI평가정보,"35,500,000",kosdaq
99220,SDN,"35,169,085",kosdaq
36540,SFA반도체,"139,365,674",kosdaq
40610,SG&G,"34,087,196",kosdaq
49470,SGA,"85,543,678",kosdaq
184230,SGA솔루션즈,"25,655,936",kosdaq
90730,SIMPAC METALLOY,"13,000,000",kosdaq
207930,SK1호스팩,"5,500,000",kosdaq
232330,SK3호스팩,"3,600,000",kosdaq
57500,SKC 솔믹스,"61,494,040",kosdaq
178920,SKC코오롱PI,"29,366,322",kosdaq
36490,SK머티리얼즈,"10,547,673",kosdaq
52260,SK바이오랜드,"15,000,000",kosdaq
48550,SM C&C,"69,532,552",kosdaq
89230,THE E&M,"18,372,196",kosdaq
32540,TJ미디어,"13,931,609",kosdaq
48770,TPC,"12,900,000",kosdaq
52300,W홀딩컴퍼니,"105,321,000",kosdaq
40300,YTN,"42,000,000",kosdaq
51390,YW,"11,355,368",kosdaq
52220,iMBC,"23,000,000",kosdaq
79940,가비아,"13,535,684",kosdaq
78890,가온미디어,"13,408,230",kosdaq
192410,감마누,"3,610,200",kosdaq
24840,갑을메탈,"31,241,496",kosdaq
217730,강스템바이오텍,"14,236,650",kosdaq
94480,갤럭시아컴즈,"32,693,543",kosdaq
63080,게임빌,"6,522,376",kosdaq
39240,경남스틸,"5,000,000",kosdaq
53950,경남제약,"11,248,376",kosdaq
11040,경동제약,"13,275,000",kosdaq
139050,경봉,"20,148,710",kosdaq
24910,경창산업,"17,560,000",kosdaq
89890,고려반도체,"8,426,114",kosdaq
49720,고려신용정보,"14,300,000",kosdaq
14570,고려제약,"11,000,000",kosdaq
98460,고영,"13,668,951",kosdaq
206660,골든브릿지제2호스팩,"3,900,000",kosdaq
219580,골든브릿지제3호스팩,"4,900,000",kosdaq
227950,골든브릿지제4호스팩,"7,550,000",kosdaq
900280,골든센츄리,"29,800,000",kosdaq
215000,골프존,"6,275,415",kosdaq
121440,골프존유원홀딩스,"42,836,818",kosdaq
14200,광림,"48,498,486",kosdaq
26910,광진실업,"6,405,405",kosdaq
90150,광진윈텍,"9,658,393",kosdaq
223040,교보5호스팩,"5,430,000",kosdaq
242040,교보비엔케이스팩,"7,110,000",kosdaq
53270,구영테크,"19,794,174",kosdaq
66620,국보디자인,"7,500,000",kosdaq
43650,국순당,"17,858,304",kosdaq
6050,국영지앤엠,"34,237,349",kosdaq
60480,국일신동,"11,090,000",kosdaq
78130,국일제지,"115,998,080",kosdaq
19010,그랜드백화점,"4,820,000",kosdaq
900070,글로벌에스엠,"53,407,947",kosdaq
19660,글로본,"28,001,047",kosdaq
53260,금강철강,"18,720,000",kosdaq
58370,금성테크,"26,178,686",kosdaq
36190,금화피에스시,"6,000,000",kosdaq
49080,기가레인,"17,704,421",kosdaq
35460,기산텔레콤,"14,577,340",kosdaq
187790,나노,"39,225,943",kosdaq
151910,나노스,"96,420,872",kosdaq
121600,나노신소재,"10,848,333",kosdaq
39860,나노엔텍,"24,438,338",kosdaq
91970,나노캠텍,"19,998,251",kosdaq
51490,나라엠앤디,"14,200,000",kosdaq
190510,나무가,"3,384,113",kosdaq
89600,나스미디어,"8,754,691",kosdaq
138610,나이벡,"5,433,576",kosdaq
130580,나이스디앤비,"15,400,000",kosdaq
36800,나이스정보통신,"10,000,000",kosdaq
91590,남화토건,"11,740,000",kosdaq
168330,내츄럴엔도텍,"19,476,432",kosdaq
72770,네오디안테크놀로지,"30,309,683",kosdaq
212560,네오오토,"7,874,963",kosdaq
95660,네오위즈게임즈,"21,915,008",kosdaq
42420,네오위즈홀딩스,"8,856,866",kosdaq
85910,네오티스,"11,013,678",kosdaq
92730,네오팜,"7,461,237",kosdaq
101400,네오피델리티,"13,762,914",kosdaq
153460,네이블,"6,530,014",kosdaq
7390,네이처셀,"50,809,351",kosdaq
33640,네패스,"21,825,174",kosdaq
87730,네패스신소재,"2,860,000",kosdaq
73070,넥센테크,"14,500,000",kosdaq
89140,넥스턴,"11,846,520",kosdaq
65170,넥스트BT,"39,742,341",kosdaq
139670,넥스트리밍,"7,016,911",kosdaq
51980,넥스트바이오홀딩스,"19,593,770",kosdaq
137940,넥스트아이,"11,969,004",kosdaq
92600,넥스트칩,"13,447,500",kosdaq
41140,넥슨지티,"35,373,322",kosdaq
217270,넵튠,"94,742,014",kosdaq
144510,녹십자랩셀,"10,554,054",kosdaq
31390,녹십자셀,"11,695,939",kosdaq
142280,녹십자엠에스,"9,560,000",kosdaq
54050,농우바이오,"14,300,000",kosdaq
40160,누리텔레콤,"12,055,535",kosdaq
69140,누리플랜,"4,540,083",kosdaq
126870,뉴로스,"14,191,985",kosdaq
60260,뉴보텍,"24,613,919",kosdaq
12340,뉴인텍,"49,125,160",kosdaq
222040,뉴트리바이오텍,"10,314,000",kosdaq
144960,뉴파워프라즈마,"8,107,472",kosdaq
900100,뉴프라이드,"49,469,743",kosdaq
85670,뉴프렉스,"13,484,658",kosdaq
53290,능률교육,"11,549,500",kosdaq
222810,닉스테크,"15,239,200",kosdaq
119860,다나와,"13,074,822",kosdaq
64260,다날,"42,418,431",kosdaq
93640,다믈멀티미디어,"6,500,276",kosdaq
39560,다산네트웍스,"21,630,258",kosdaq
32190,다우데이타,"38,300,000",kosdaq
68240,다원시스,"24,297,142",kosdaq
20400,대동금속,"480,000",kosdaq
8830,대동기어,"898,752",kosdaq
48470,대동스틸,"10,000,000",kosdaq
4780,대륙제관,"15,903,199",kosdaq
17650,대림제지,"45,000,000",kosdaq
7720,대명코퍼레이션,"100,800,450",kosdaq
78140,대봉엘에스,"11,086,579",kosdaq
36480,대성미생물,"380,000",kosdaq
25440,대성엘텍,"99,112,148",kosdaq
27830,대성창투,"40,000,000",kosdaq
104040,대성파인텍,"28,203,367",kosdaq
232140,대신밸런스제2호스팩,"10,620,000",kosdaq
20180,대신정보통신,"38,428,915",kosdaq
45390,대아티아이,"71,151,522",kosdaq
108380,대양전기공업,"9,567,333",kosdaq
6580,대양제지,"2,685,000",kosdaq
215480,대우SBI스팩1호,"3,535,000",kosdaq
204440,대우스팩2호,"5,750,000",kosdaq
215580,대우스팩3호,"5,410,000",kosdaq
48910,대원미디어,"12,578,946",kosdaq
5710,대원산업,"18,216,000",kosdaq
71460,대유위니아,"24,111,530",kosdaq
120240,대정화금,"6,048,727",kosdaq
3310,대주산업,"35,392,350",kosdaq
78600,대주전자재료,"13,259,245",kosdaq
65690,대진디엠피,"13,648,051",kosdaq
96350,대창솔루션,"11,200,000",kosdaq
140520,대창스틸,"14,566,000",kosdaq
131220,대한과학,"7,156,281",kosdaq
10170,대한광통신,"46,962,073",kosdaq
54670,대한뉴팜,"14,354,920",kosdaq
23910,대한약품,"6,000,000",kosdaq
21040,대호피앤씨,"50,112,826",kosdaq
67080,대화제약,"18,224,974",kosdaq
192080,더블유게임즈,"17,383,775",kosdaq
213420,덕산네오룩스,"12,007,770",kosdaq
77360,덕산하이메탈,"22,718,501",kosdaq
90410,덕신하우징,"8,012,000",kosdaq
194480,데브시스터즈,"11,089,095",kosdaq
17680,데코앤이,"68,800,431",kosdaq
206560,덱스터,"21,783,809",kosdaq
67990,도이치모터스,"26,263,308",kosdaq
100130,동국S&C,"57,143,000",kosdaq
5160,동국산업,"54,244,482",kosdaq
75970,동국알앤에스,"18,400,000",kosdaq
86450,동국제약,"8,892,000",kosdaq
99410,동방선기,"13,541,002",kosdaq
45890,동부라이텍,"25,967,737",kosdaq
226440,동부스팩3호,"4,450,000",kosdaq
230490,동부제4호스팩,"5,300,000",kosdaq
33500,동성화인텍,"26,983,609",kosdaq
25950,동신건설,"8,400,000",kosdaq
88130,동아엘텍,"11,150,296",kosdaq
41930,동아화성,"15,800,000",kosdaq
38500,동양시멘트,"107,357,173",kosdaq
60380,동양에스텍,"10,000,000",kosdaq
79960,동양이엔피,"7,860,000",kosdaq
228340,동양파일,"20,000,000",kosdaq
104460,동양피엔에프,"10,713,625",kosdaq
88910,동우,"22,961,040",kosdaq
94170,동운아나텍,"5,991,000",kosdaq
13120,동원개발,"90,808,100",kosdaq
109860,동일금속,"7,000,000",kosdaq
32960,동일기연,"5,776,374",kosdaq
23790,동일철강,"7,345,085",kosdaq
5290,동진쎄미켐,"47,432,263",kosdaq
25900,동화기업,"14,356,756",kosdaq
78590,두올산업,"12,875,270",kosdaq
30350,드래곤플라이,"14,762,103",kosdaq
203650,드림시큐리티,"34,305,754",kosdaq
73190,디비케이,"11,968,040",kosdaq
66670,디스플레이텍,"18,691,918",kosdaq
214680,디알텍,"40,479,844",kosdaq
109740,디에스케이,"13,000,000",kosdaq
90710,디에스티로봇,"19,763,430",kosdaq
131030,디에이치피코리아,"16,564,797",kosdaq
196490,디에이테크놀로지,"6,043,686",kosdaq
66900,디에이피,"22,744,503",kosdaq
127120,디엔에이링크,"6,278,496",kosdaq
92070,디엔에프,"10,761,828",kosdaq
101000,디엠씨,"26,752,491",kosdaq
134580,디엠티,"11,250,000",kosdaq
39840,디오,"15,171,403",kosdaq
79810,디이엔티,"8,843,624",kosdaq
113810,디젠스,"21,625,452",kosdaq
43360,디지아이,"9,000,000",kosdaq
106520,디지탈옵틱,"20,674,616",kosdaq
68930,디지털대성,"22,230,973",kosdaq
33130,디지틀조선,"37,115,267",kosdaq
33310,디케이디앤아이,"21,972,411",kosdaq
105740,디케이락,"7,855,554",kosdaq
187220,디티앤씨,"9,854,054",kosdaq
131180,딜리,"29,350,000",kosdaq
42510,라온시큐어,"31,809,612",kosdaq
50120,라이브플렉스,"41,621,527",kosdaq
171120,라이온켐텍,"15,386,005",kosdaq
171010,램테크놀러지,"11,382,966",kosdaq
84650,랩지노믹스,"8,533,599",kosdaq
141080,레고켐바이오,"9,941,207",kosdaq
60300,레드로버,"42,637,001",kosdaq
38390,레드캡투어,"8,589,480",kosdaq
228850,레이언스,"16,591,014",kosdaq
47440,레이젠,"27,918,129",kosdaq
238120,로고스바이오,"3,561,724",kosdaq
90360,로보스타,"7,800,000",kosdaq
900260,로스웰,"90,781,250",kosdaq
16170,로엔,"25,291,705",kosdaq
67730,로지시스,"9,340,922",kosdaq
71280,로체시스템즈,"8,224,402",kosdaq
38060,루멘스,"47,276,784",kosdaq
82800,루미마이크로,"37,937,500",kosdaq
85370,루트로닉,"10,903,041",kosdaq
60240,룽투코리아,"18,770,196",kosdaq
42940,르네코,"14,653,838",kosdaq
58470,리노공업,"15,242,370",kosdaq
39980,리노스,"35,996,153",kosdaq
16100,리더스코스메틱,"17,939,517",kosdaq
197210,리드,"6,005,598",kosdaq
12700,리드코프,"26,749,230",kosdaq
38340,리젠,"54,698,949",kosdaq
131100,리켐,"16,540,382",kosdaq
42500,링네트,"14,786,878",kosdaq
98120,마이크로컨텍솔,"8,312,766",kosdaq
147760,마이크로프랜드,"10,641,366",kosdaq
35480,마제스타,"45,414,128",kosdaq
38290,마크로젠,"8,971,042",kosdaq
5990,매일유업,"13,608,376",kosdaq
127160,매직마이크로,"6,222,125",kosdaq
93520,매커스,"16,163,092",kosdaq
141070,맥스로텍,"23,976,973",kosdaq
67280,멀티캠퍼스,"5,926,779",kosdaq
72870,메가스터디,"4,016,291",kosdaq
215200,메가스터디교육,"2,324,376",kosdaq
133750,메가엠디,"22,368,593",kosdaq
41920,메디아나,"8,650,496",kosdaq
86900,메디톡스,"5,656,535",kosdaq
78160,메디포스트,"7,858,421",kosdaq
65650,메디프론,"26,579,113",kosdaq
21880,메이슨캐피탈,"73,267,748",kosdaq
140410,메지온,"8,158,000",kosdaq
59210,메타바이오메드,"21,874,423",kosdaq
58110,멕아이씨에스,"5,361,500",kosdaq
96640,멜파스,"21,257,151",kosdaq
80420,모다이노칩,"39,860,811",kosdaq
149940,모다정보통신,"13,140,093",kosdaq
80160,모두투어,"12,600,000",kosdaq
100030,모바일리더,"3,283,714",kosdaq
87260,모바일어플라이언스,"15,000,000",kosdaq
101330,모베이스,"15,552,000",kosdaq
33200,모아텍,"14,331,185",kosdaq
6920,모헨즈,"10,920,000",kosdaq
1810,무림SP,"22,137,500",kosdaq
161570,미동앤씨네마,"13,791,786",kosdaq
95500,미래나노텍,"23,289,533",kosdaq
215750,미래에셋제3호스팩,"6,100,000",kosdaq
239340,미래에셋제5호스팩,"4,800,000",kosdaq
49950,미래컴퍼니,"7,660,828",kosdaq
213090,미래테크놀로지,"5,500,000",kosdaq
207760,미스터블루,"24,160,954",kosdaq
59090,미코,"29,322,861",kosdaq
201490,미투온,"30,126,122",kosdaq
214180,민앤지,"5,943,314",kosdaq
206640,바디텍메드,"21,189,897",kosdaq
18700,바른손,"13,903,900",kosdaq
35620,바른손이앤에이,"67,158,894",kosdaq
64520,바른전자,"64,877,236",kosdaq
29480,바른테크놀로지,"22,555,655",kosdaq
53030,바이넥스,"31,298,448",kosdaq
84990,바이로메드,"15,956,260",kosdaq
64550,바이오니아,"16,124,568",kosdaq
208710,바이오로그디바이스,"27,402,512",kosdaq
142760,바이오리더스,"12,354,310",kosdaq
38460,바이오스마트,"17,430,967",kosdaq
86040,바이오톡스텍,"14,419,623",kosdaq
32980,바이온,"23,661,319",kosdaq
43150,바텍,"14,854,256",kosdaq
46310,백금T&A,"14,313,750",kosdaq
36620,버추얼텍,"17,373,922",kosdaq
104200,벅스,"14,827,550",kosdaq
177350,베셀,"11,192,368",kosdaq
225530,보광산업,"34,470,000",kosdaq
14100,보령메디앙스,"11,400,000",kosdaq
6910,보성파워텍,"45,854,719",kosdaq
26260,보타바이오,"29,967,702",kosdaq
14470,부방,"47,293,490",kosdaq
8470,부스타,"8,404,800",kosdaq
100120,뷰웍스,"10,001,865",kosdaq
66980,브레인콘텐츠,"150,322,233",kosdaq
64480,브리지텍,"11,952,500",kosdaq
33560,블루콤,"19,200,000",kosdaq
200780,비씨월드제약,"6,673,848",kosdaq
141000,비아트론,"12,114,710",kosdaq
90460,비에이치,"15,634,888",kosdaq
83650,비에이치아이,"26,000,000",kosdaq
86670,비엠티,"8,146,529",kosdaq
82920,비츠로셀,"16,325,752",kosdaq
54220,비츠로시스,"40,279,128",kosdaq
42370,비츠로테크,"22,353,873",kosdaq
32850,비트컴퓨터,"16,623,293",kosdaq
93190,빅솔론,"10,200,000",kosdaq
65450,빅텍,"24,500,000",kosdaq
69540,빛과전자,"7,169,354",kosdaq
72950,빛샘전자,"6,000,000",kosdaq
143240,사람인에이치알,"11,634,263",kosdaq
123260,사파이어테크놀로지,"8,327,769",kosdaq
100090,삼강엠앤티,"16,853,701",kosdaq
122350,삼기오토모티브,"30,827,256",kosdaq
14970,삼륭물산,"15,125,000",kosdaq
18310,삼목에스폼,"14,700,000",kosdaq
53700,삼보모터스,"12,178,935",kosdaq
9620,삼보산업,"1,400,000",kosdaq
23600,삼보판지,"14,000,000",kosdaq
111870,삼본정밀전자,"9,500,000",kosdaq
9300,삼아제약,"6,370,000",kosdaq
54540,삼영엠텍,"13,000,000",kosdaq
65570,삼영이엔씨,"8,800,000",kosdaq
82660,삼우엠스,"20,087,317",kosdaq
73640,삼원테크,"28,312,400",kosdaq
32280,삼일,"16,213,590",kosdaq
2290,삼일기업공사,"12,400,000",kosdaq
37460,삼지전자,"14,336,324",kosdaq
32750,삼진,"6,000,000",kosdaq
54090,삼진엘앤디,"22,863,430",kosdaq
250,삼천당제약,"22,105,813",kosdaq
24950,삼천리자전거,"13,273,577",kosdaq
17480,삼현철강,"15,702,890",kosdaq
46390,삼화네트웍스,"42,782,933",kosdaq
27580,상보,"27,147,587",kosdaq
91580,상신이디피,"11,295,050",kosdaq
89980,상아프론테크,"13,301,489",kosdaq
42600,새로닉스,"12,423,574",kosdaq
38070,서린바이오,"5,971,894",kosdaq
6730,서부T&D,"34,332,265",kosdaq
79650,서산,"20,000,000",kosdaq
100660,서암기계공업,"12,600,000",kosdaq
12860,서연전자,"27,000,000",kosdaq
19770,서연탑메탈,"11,650,000",kosdaq
43710,서울리거,"21,115,308",kosdaq
46890,서울반도체,"58,305,400",kosdaq
63170,서울옥션,"16,917,500",kosdaq
27040,서울전자통신,"60,541,638",kosdaq
18680,서울제약,"7,400,526",kosdaq
93920,서원인텍,"18,600,000",kosdaq
189860,서전기전,"4,849,390",kosdaq
122690,서진오토모티브,"16,032,475",kosdaq
140070,서플러스글로벌,"18,494,000",kosdaq
11370,서한,"100,894,865",kosdaq
65710,서호전기,"5,150,000",kosdaq
33790,서화정보통신,"11,411,400",kosdaq
35890,서희건설,"159,937,200",kosdaq
3100,선광,"6,600,000",kosdaq
123420,선데이토즈,"9,569,842",kosdaq
14620,성광벤드,"28,600,000",kosdaq
37350,성도이엔지,"15,470,000",kosdaq
81580,성우전자,"15,508,143",kosdaq
45300,성우테크론,"8,360,090",kosdaq
15750,성우하이텍,"60,000,000",kosdaq
80470,성창오토텍,"7,300,000",kosdaq
43260,성호전자,"29,506,142",kosdaq
53060,세동,"13,468,840",kosdaq
17510,세명전기,"15,246,000",kosdaq
214310,세미콘라이트,"45,626,000",kosdaq
11560,세보엠이씨,"10,530,000",kosdaq
121800,세븐스타웍스,"18,553,369",kosdaq
100700,세운메디칼,"43,800,000",kosdaq
24830,세원물산,"8,350,000",kosdaq
36630,세종텔레콤,"300,326,126",kosdaq
39310,세중,"18,121,667",kosdaq
80440,세진전자,"29,448,159",kosdaq
67770,세진티에스,"8,396,593",kosdaq
53450,세코닉스,"10,925,918",kosdaq
95300,세한엔에스브이,"12,557,256",kosdaq
49180,셀루메드,"181,553,846",kosdaq
108860,셀바스AI,"22,055,945",kosdaq
208370,셀바스헬스케어,"12,645,279",kosdaq
68270,셀트리온,"116,598,327",kosdaq
68760,셀트리온제약,"31,655,351",kosdaq
53110,소리바다,"43,251,553",kosdaq
32680,소프트센,"30,780,260",kosdaq
66910,손오공,"21,896,161",kosdaq
43100,솔고바이오,"119,725,785",kosdaq
70300,솔라시아,"6,166,074",kosdaq
154040,솔루에타,"11,026,516",kosdaq
35610,솔본,"27,345,997",kosdaq
36830,솔브레인,"16,563,161",kosdaq
230980,솔트웍스,"8,707,520",kosdaq
86980,쇼박스,"62,600,000",kosdaq
50960,수산아이앤티,"6,751,000",kosdaq
84180,수성,"8,200,000",kosdaq
236200,슈프리마,"7,080,273",kosdaq
94840,슈프리마에이치큐,"10,471,840",kosdaq
192440,슈피겐코리아,"6,216,363",kosdaq
99440,스맥,"23,717,160",kosdaq
115570,스타플렉스,"6,453,734",kosdaq
87220,스틸플라워,"72,172,928",kosdaq
28040,스페로 글로벌,"18,417,528",kosdaq
13810,스페코,"13,818,790",kosdaq
39670,스포츠서울,"17,625,088",kosdaq
49830,승일,"6,132,112",kosdaq
20710,시공테크,"20,047,970",kosdaq
33170,시그네틱스,"85,728,319",kosdaq
25320,시노펙스,"64,331,971",kosdaq
131090,시큐브,"6,800,000",kosdaq
1000,신라섬유,"24,277,540",kosdaq
25870,신라에스지,"4,000,000",kosdaq
215600,신라젠,"63,196,889",kosdaq
65350,신성델타테크,"20,555,553",kosdaq
56000,신스타임즈,"14,016,600",kosdaq
86830,신양오라컴,"61,472,389",kosdaq
225590,신영스팩2호,"5,105,000",kosdaq
17000,신원종합개발,"10,068,027",kosdaq
12790,신일제약,"7,900,000",kosdaq
138070,신진에스엠,"8,972,183",kosdaq
257730,신한제3호스팩,"3,505,000",kosdaq
56700,신화인터텍,"29,135,091",kosdaq
187270,신화콘텍,"8,048,613",kosdaq
108320,실리콘웍스,"16,264,300",kosdaq
222800,심텍,"22,326,407",kosdaq
36710,심텍홀딩스,"34,895,833",kosdaq
160980,싸이맥스,"5,430,863",kosdaq
10280,쌍용정보통신,"40,464,034",kosdaq
51170,썬코어,"35,010,085",kosdaq
122800,썬텍,"22,074,960",kosdaq
208640,썸에이지,"74,310,529",kosdaq
222420,쎄노텍,"38,209,657",kosdaq
37760,쎄니트,"33,212,354",kosdaq
136510,쎄미시스코,"5,400,000",kosdaq
99320,쎄트렉아이,"3,659,990",kosdaq
49960,쎌바이오텍,"9,400,000",kosdaq
50890,쏠리드,"31,475,406",kosdaq
99830,씨그널엔터테인먼트그룹,"91,058,178",kosdaq
66790,씨씨에스,"79,138,321",kosdaq
222080,씨아이에스,"50,017,823",kosdaq
115530,씨엔플러스,"5,143,413",kosdaq
225330,씨엠에스에듀,"4,226,182",kosdaq
115480,씨유메디칼,"14,394,101",kosdaq
96530,씨젠,"26,234,020",kosdaq
900120,씨케이에이치,"110,404,457",kosdaq
101240,씨큐브,"7,579,080",kosdaq
47920,씨트리,"11,840,017",kosdaq
60590,씨티씨바이오,"17,525,133",kosdaq
36170,씨티엘,"48,193,109",kosdaq
13990,아가방컴퍼니,"32,887,536",kosdaq
123860,아나패스,"10,127,700",kosdaq
58220,아리온,"69,705,365",kosdaq
52710,아모텍,"9,743,406",kosdaq
74430,아미노로직스,"87,826,844",kosdaq
92040,아미코젠,"9,115,755",kosdaq
83930,아바코,"15,996,505",kosdaq
149950,아바텍,"15,607,500",kosdaq
36010,아비코전자,"13,292,934",kosdaq
50860,아세아텍,"17,500,000",kosdaq
67390,아스트,"14,423,239",kosdaq
127710,아시아경제,"25,244,030",kosdaq
143160,아이디스,"10,716,390",kosdaq
54800,아이디스홀딩스,"10,347,756",kosdaq
60570,아이리버,"31,096,196",kosdaq
99190,아이센스,"13,720,858",kosdaq
214430,아이쓰리시스템,"3,374,400",kosdaq
40910,아이씨디,"16,450,664",kosdaq
68940,아이씨케이,"12,471,889",kosdaq
52860,아이앤씨,"14,542,351",kosdaq
69920,아이에스이커머스,"25,514,093",kosdaq
38880,아이에이,"40,336,498",kosdaq
101390,아이엠,"22,572,009",kosdaq
226350,아이엠텍,"16,970,500",kosdaq
78860,아이오케이,"117,637,095",kosdaq
114810,아이원스,"10,495,566",kosdaq
23430,아이이,"290,713,647",kosdaq
31310,아이즈비전,"15,772,574",kosdaq
185490,아이진,"10,037,000",kosdaq
59100,아이컴포넌트,"7,070,860",kosdaq
52460,아이크래프트,"8,053,968",kosdaq
119830,아이텍반도체,"5,209,046",kosdaq
124500,아이티센,"9,358,232",kosdaq
32080,아즈텍WB,"19,959,441",kosdaq
13310,아진산업,"12,954,496",kosdaq
59120,아진엑스텍,"5,630,000",kosdaq
23890,아트라스BX,"9,150,000",kosdaq
67160,아프리카TV,"10,871,717",kosdaq
1540,안국약품,"13,042,420",kosdaq
53800,안랩,"10,013,855",kosdaq
65660,안트로젠,"7,463,435",kosdaq
131370,알서포트,"53,267,083",kosdaq
96610,알에프세미,"8,120,970",kosdaq
61040,알에프텍,"19,050,000",kosdaq
148250,알엔투테크놀로지,"6,328,942",kosdaq
196170,알테오젠,"6,293,165",kosdaq
123750,알톤스포츠,"12,746,297",kosdaq
85810,알티캐스트,"21,223,160",kosdaq
117670,알파홀딩스,"12,073,809",kosdaq
196300,애니젠,"4,943,165",kosdaq
205500,액션스퀘어,"24,939,426",kosdaq
52790,액토즈소프트,"11,330,638",kosdaq
131400,액트,"16,906,763",kosdaq
238090,앤디포스,"15,068,965",kosdaq
30960,양지사,"15,980,000",kosdaq
102120,어보브반도체,"17,459,653",kosdaq
19990,에너토크,"9,756,088",kosdaq
25980,에머슨퍼시픽,"16,464,183",kosdaq
41440,에버다임,"17,915,944",kosdaq
38680,에스넷,"16,075,215",kosdaq
121890,에스디시스템,"3,800,000",kosdaq
30270,에스마크,"40,620,892",kosdaq
97780,에스맥,"24,318,791",kosdaq
42110,에스씨디,"48,329,564",kosdaq
65420,에스아이리소스,"50,041,595",kosdaq
50320,에스아이티글로벌,"50,485,705",kosdaq
103230,에스앤더블류,"7,200,000",kosdaq
900080,에스앤씨엔진그룹,"96,383,144",kosdaq
101490,에스앤에스텍,"19,735,331",kosdaq
95910,에스에너지,"11,632,199",kosdaq
36500,에스에스컴텍,"35,143,649",kosdaq
31330,에스에이엠티,"99,995,067",kosdaq
60540,에스에이티,"24,998,547",kosdaq
112240,에스에프씨,"29,027,070",kosdaq
56190,에스에프에이,"17,954,380",kosdaq
80000,에스엔유,"31,250,000",kosdaq
160600,에스엔텍,"10,845,889",kosdaq
41510,에스엠,"21,755,663",kosdaq
7820,에스엠코어,"20,000,000",kosdaq
109610,에스와이패널,"12,150,000",kosdaq
96630,에스코넥,"65,265,724",kosdaq
69510,에스텍,"10,910,000",kosdaq
41910,에스텍파마,"11,435,081",kosdaq
39440,에스티아이,"12,675,670",kosdaq
98660,에스티오,"8,375,026",kosdaq
52020,에스티큐브,"25,681,632",kosdaq
237690,에스티팜,"18,484,400",kosdaq
50760,에스폴리텍,"16,334,678",kosdaq
58610,에스피지,"20,876,975",kosdaq
43340,에쎈테크,"72,000,000",kosdaq
54630,에이디칩스,"11,405,089",kosdaq
200710,에이디테크놀로지,"8,146,700",kosdaq
3800,에이스침대,"2,218,000",kosdaq
88800,에이스테크,"28,328,380",kosdaq
138360,에이씨티,"6,115,000",kosdaq
35290,에이원앤,"20,034,620",kosdaq
72990,에이치시티,"4,579,934",kosdaq
176440,에이치엔티,"6,701,100",kosdaq
28300,에이치엘비,"35,913,809",kosdaq
67630,에이치엘비생명과학,"23,673,839",kosdaq
43220,에이치엘비파워,"37,779,826",kosdaq
239610,에이치엘사이언스,"5,142,148",kosdaq
226340,에이치엠씨3호스팩,"6,500,000",kosdaq
44780,에이치케이,"18,425,787",kosdaq
71670,에이테크솔루션,"10,000,000",kosdaq
45660,에이텍,"8,260,000",kosdaq
224110,에이텍티앤,"5,340,000",kosdaq
21080,에이티넘인베스트,"48,000,000",kosdaq
89530,에이티세미콘,"59,686,233",kosdaq
182400,에이티젠,"11,391,542",kosdaq
73570,에이티테크놀러지,"22,442,927",kosdaq
109960,에이프로젠 H&G,"50,368,012",kosdaq
43580,에임하이,"25,460,330",kosdaq
214870,에치디프로,"5,882,914",kosdaq
230360,에코마케팅,"8,128,571",kosdaq
38870,에코바이오,"10,716,941",kosdaq
86520,에코프로,"21,363,647",kosdaq
38110,에코플라스틱,"22,696,398",kosdaq
73540,에프알텍,"11,400,000",kosdaq
36810,에프에스티,"16,391,611",kosdaq
63440,에프엔씨애드컬쳐,"38,307,875",kosdaq
173940,에프엔씨엔터,"14,364,880",kosdaq
83500,에프엔에스테크,"5,851,101",kosdaq
65160,에프티이앤이,"54,198,854",kosdaq
54940,엑사이엔씨,"33,173,548",kosdaq
950130,엑세스바이오,"27,064,930",kosdaq
205100,엑셈,"29,928,452",kosdaq
92870,엑시콘,"8,883,500",kosdaq
67570,엔브이에이치코리아,"28,722,222",kosdaq
54340,엔알케이,"24,584,758",kosdaq
217820,엔에스,"4,900,000",kosdaq
31860,엔에스엔,"17,566,164",kosdaq
207720,엔에이치SL스팩,"2,505,000",kosdaq
256840,엔에이치스팩11호,"6,830,000",kosdaq
198440,엔에이치스팩3호,"7,000,000",kosdaq
215790,엔에이치스팩5호,"7,000,000",kosdaq
217810,엔에이치스팩7호,"4,830,000",kosdaq
218410,엔에이치스팩8호,"6,830,000",kosdaq
225570,엔에이치스팩9호,"9,050,000",kosdaq
208860,엔지스테크널러지,"3,127,180",kosdaq
206400,엔터메이트,"27,195,036",kosdaq
69410,엔텔스,"6,899,227",kosdaq
48830,엔피케이,"12,923,923",kosdaq
96870,엘디티,"6,678,400",kosdaq
61970,엘비세미콘,"43,784,592",kosdaq
138690,엘아이에스,"13,547,434",kosdaq
66970,엘앤에프,"23,184,430",kosdaq
156100,엘앤케이바이오,"9,926,362",kosdaq
73110,엘엠에스,"8,895,755",kosdaq
83310,엘오티베큠,"12,011,889",kosdaq
37950,엘컴텍,"84,447,519",kosdaq
170920,엘티씨,"7,519,943",kosdaq
58630,엠게임,"19,107,750",kosdaq
19590,엠벤처투자,"109,836,556",kosdaq
97520,엠씨넥스,"8,998,218",kosdaq
9780,엠에스씨,"8,800,000",kosdaq
123040,엠에스오토텍,"14,546,798",kosdaq
32790,엠젠플러스,"11,965,435",kosdaq
180400,엠지메드,"2,349,149",kosdaq
33160,엠케이전자,"21,807,689",kosdaq
50540,엠피씨,"20,768,807",kosdaq
115960,연우,"12,398,000",kosdaq
90740,연이정보통신,"16,000,000",kosdaq
7530,영신금속,"6,292,968",kosdaq
143540,영우디에스피,"12,184,466",kosdaq
36180,영인프런티어,"17,600,341",kosdaq
36560,영풍정밀,"15,750,000",kosdaq
36000,예림당,"23,034,277",kosdaq
53280,예스24,"17,200,000",kosdaq
122640,예스티,"4,327,321",kosdaq
900300,오가닉티코스메틱,"56,925,000",kosdaq
45060,오공,"11,521,974",kosdaq
80520,오디텍,"11,746,609",kosdaq
39830,오로라,"10,762,890",kosdaq
46120,오르비텍,"12,874,279",kosdaq
14940,오리엔탈정공,"40,545,960",kosdaq
65500,오리엔트정공,"52,143,627",kosdaq
10470,오리콤,"11,498,750",kosdaq
53980,오상자이엘,"17,747,882",kosdaq
52420,오성엘에스티,"203,955,580",kosdaq
241790,오션브릿지,"9,124,980",kosdaq
39200,오스코텍,"25,639,320",kosdaq
31510,오스템,"26,000,000",kosdaq
48260,오스템임플란트,"14,285,717",kosdaq
138080,오이솔루션,"5,179,610",kosdaq
80580,오킨스전자,"6,200,000",kosdaq
67170,오텍,"13,804,065",kosdaq
49480,오픈베이스,"31,422,383",kosdaq
196450,온다 엔터테인먼트,"22,150,437",kosdaq
57540,옴니시스템,"40,679,015",kosdaq
57680,옴니텔,"18,381,928",kosdaq
123010,옵토팩,"4,757,492",kosdaq
82210,옵트론텍,"20,666,259",kosdaq
109080,옵티시스,"5,636,000",kosdaq
52770,와이디온라인,"22,505,325",kosdaq
57030,와이비엠넷,"16,312,697",kosdaq
122990,와이솔,"20,281,254",kosdaq
67900,와이엔텍,"17,842,803",kosdaq
155650,와이엠씨,"9,865,093",kosdaq
66430,와이오엠,"31,378,891",kosdaq
193250,와이제이엠게임즈,"45,254,095",kosdaq
19210,와이지-원,"24,013,230",kosdaq
122870,와이지엔터테인먼트,"16,524,579",kosdaq
79000,와토스코리아,"6,800,000",kosdaq
900180,완리,"102,507,511",kosdaq
114630,우노앤컴퍼니,"13,573,965",kosdaq
32820,우리기술,"76,854,454",kosdaq
41190,우리기술투자,"84,000,000",kosdaq
115440,우리넷,"6,365,710",kosdaq
46970,우리로,"18,687,963",kosdaq
215360,우리산업,"9,132,163",kosdaq
72470,우리산업홀딩스,"18,887,341",kosdaq
73560,우리손에프앤지,"69,237,643",kosdaq
153490,우리이앤엘,"49,900,000",kosdaq
82850,우리이티아이,"41,518,621",kosdaq
37400,우리조명,"24,923,346",kosdaq
101170,우림기계,"13,500,000",kosdaq
194610,우성아이비,"14,383,102",kosdaq
66590,우수AMS,"23,594,599",kosdaq
46940,우원개발,"14,650,592",kosdaq
52270,우전,"28,728,282",kosdaq
65680,우주일렉트로,"9,934,220",kosdaq
18620,우진비앤지,"10,725,897",kosdaq
32940,원익,"12,634,432",kosdaq
240810,원익IPS,"41,273,436",kosdaq
74600,원익QnC,"13,144,000",kosdaq
104830,원익머트리얼즈,"6,245,800",kosdaq
14190,원익큐브,"27,399,906",kosdaq
30530,원익홀딩스,"77,237,981",kosdaq
12620,원일특강,"4,400,000",kosdaq
8370,원풍,"12,000,000",kosdaq
8290,원풍물산,"36,848,572",kosdaq
101160,월덱스,"16,064,963",kosdaq
95270,웨이브일렉트로,"10,594,500",kosdaq
900130,웨이포트,"55,880,000",kosdaq
65950,웰크론,"25,490,497",kosdaq
114190,웰크론강원,"15,253,030",kosdaq
76080,웰크론한텍,"18,021,293",kosdaq
196700,웹스,"6,849,238",kosdaq
69080,웹젠,"35,310,884",kosdaq
39790,위노바,"77,898,489",kosdaq
44340,위닉스,"16,358,641",kosdaq
112040,위메이드,"16,800,000",kosdaq
38620,위즈코프,"33,554,897",kosdaq
36090,위지트,"66,319,044",kosdaq
136540,윈스,"11,305,231",kosdaq
97800,윈팩,"17,091,218",kosdaq
192390,윈하이텍,"9,863,089",kosdaq
44480,유니더스,"8,600,000",kosdaq
36200,유니셈,"30,664,223",kosdaq
18000,유니슨,"66,887,583",kosdaq
203450,유니온커뮤니티,"14,679,007",kosdaq
11320,유니크,"19,320,695",kosdaq
86390,유니테스트,"21,134,126",kosdaq
241690,유니테크노,"5,963,760",kosdaq
142210,유니트론텍,"9,931,950",kosdaq
48430,유라테크,"11,520,000",kosdaq
206650,유바이오로직스,"24,231,986",kosdaq
89850,유비벨록스,"7,115,697",kosdaq
32620,유비케어,"40,286,470",kosdaq
78070,유비쿼스,"21,200,000",kosdaq
24800,유성티엔에스,"22,723,235",kosdaq
54930,유신,"3,000,000",kosdaq
69330,유아이디,"11,887,792",kosdaq
49520,유아이엘,"11,392,470",kosdaq
204620,유안타제1호스팩,"6,000,000",kosdaq
219960,유안타제2호스팩,"6,500,000",kosdaq
56090,유앤아이,"7,677,642",kosdaq
195990,유지인트,"367,473,225",kosdaq
23410,유진기업,"74,000,000",kosdaq
56080,유진로봇,"23,333,996",kosdaq
221200,유진스팩3호,"6,750,000",kosdaq
215090,유진에이씨피씨스팩2호,"5,500,000",kosdaq
84370,유진테크,"22,916,042",kosdaq
178780,유테크,"10,160,600",kosdaq
191410,육일씨엔에쓰,"8,522,980",kosdaq
44960,이-글 벳,"11,668,434",kosdaq
39020,이건창호,"14,327,078",kosdaq
60230,이그잭스,"31,192,591",kosdaq
67920,이글루시큐리티,"10,228,248",kosdaq
73490,이노와이어리스,"6,002,500",kosdaq
88390,이녹스,"12,318,242",kosdaq
53350,이니텍,"19,790,916",kosdaq
33110,이디,"32,760,277",kosdaq
41520,이라이콤,"12,188,730",kosdaq
54210,이랜텍,"20,478,206",kosdaq
65440,이루온,"15,275,020",kosdaq
36260,이매진아시아,"24,910,047",kosdaq
115610,이미지스,"7,669,128",kosdaq
217600,이베스트스팩2호,"7,000,000",kosdaq
225440,이베스트스팩3호,"4,100,000",kosdaq
78020,이베스트투자증권,"40,481,190",kosdaq
80010,이상네트웍스,"9,000,000",kosdaq
86890,이수앱지스,"19,750,932",kosdaq
47560,이스트소프트,"9,899,400",kosdaq
900110,이스트아시아홀딩스,"77,879,660",kosdaq
67010,이씨에스,"7,500,000",kosdaq
223310,이에스브이,"6,627,400",kosdaq
52190,이에스에이,"8,280,802",kosdaq
102710,이엔에프테크놀로지,"14,200,000",kosdaq
94190,이엘케이,"31,014,510",kosdaq
123570,이엠넷,"11,138,039",kosdaq
95190,이엠코리아,"21,413,947",kosdaq
91120,이엠텍,"14,035,223",kosdaq
39030,이오테크닉스,"12,280,626",kosdaq
88290,이원컴포텍,"12,528,669",kosdaq
33600,이젠텍,"11,500,000",kosdaq
35810,이지바이오,"53,005,256",kosdaq
90850,이지웰페어,"9,893,000",kosdaq
58530,이큐스앤자루,"34,583,500",kosdaq
92130,이크레더블,"12,043,600",kosdaq
16250,이테크건설,"2,800,000",kosdaq
96040,이트론,"181,355,876",kosdaq
134060,이퓨쳐,"4,769,250",kosdaq
1840,이화공영,"19,805,760",kosdaq
24810,이화전기,"245,324,860",kosdaq
41830,인바디,"13,683,782",kosdaq
79950,인베니아,"23,200,000",kosdaq
60150,인선이엔티,"34,184,198",kosdaq
33230,인성정보,"16,965,620",kosdaq
37330,인지디스플레,"35,603,146",kosdaq
83640,인콘,"6,394,863",kosdaq
216050,인크로스,"2,939,035",kosdaq
49070,인탑스,"17,200,000",kosdaq
119610,인터로조,"10,776,000",kosdaq
158310,인터불스,"6,053,122",kosdaq
17250,인터엠,"21,045,467",kosdaq
108790,인터파크,"33,039,680",kosdaq
35080,인터파크홀딩스,"59,000,000",kosdaq
51370,인터플렉스,"21,079,212",kosdaq
64290,인텍플러스,"9,728,620",kosdaq
189300,인텔리안테크,"7,165,110",kosdaq
150840,인트로메딕,"7,202,178",kosdaq
48530,인트론바이오,"15,038,462",kosdaq
175140,인포마크,"3,561,208",kosdaq
115310,인포바인,"3,113,672",kosdaq
39290,인포뱅크,"8,693,978",kosdaq
41020,인프라웨어,"18,618,160",kosdaq
71200,인피니트헬스케어,"24,396,458",kosdaq
101930,인화정공,"9,331,705",kosdaq
78940,일경산업개발,"30,099,766",kosdaq
68330,일신바이오,"44,216,140",kosdaq
58450,일야,"9,780,000",kosdaq
19540,일지테크,"13,513,500",kosdaq
94820,일진파워,"15,078,709",kosdaq
950140,잉글우드랩(Reg.S),"19,366,154",kosdaq
49550,잉크테크,"9,330,921",kosdaq
43910,자연과환경,"21,949,357",kosdaq
234920,자이글,"13,530,910",kosdaq
174880,장원테크,"6,045,000",kosdaq
49630,재영솔루텍,"37,187,637",kosdaq
65530,전파기지국,"5,286,000",kosdaq
208140,정다운,"20,519,824",kosdaq
22220,정산애강,"51,794,579",kosdaq
40420,정상제이엘에스,"15,677,552",kosdaq
45510,정원엔시스,"32,209,292",kosdaq
65620,제낙스,"21,486,744",kosdaq
217190,제너셈,"8,769,174",kosdaq
95700,제넥신,"17,790,067",kosdaq
187420,제노포커스,"8,995,453",kosdaq
123330,제닉,"6,600,000",kosdaq
159580,제로투세븐,"12,290,000",kosdaq
147830,제룡산업,"10,000,000",kosdaq
33100,제룡전기,"16,062,409",kosdaq
19570,제미니투자,"40,000,000",kosdaq
79370,제우스,"10,384,000",kosdaq
54950,제이브이엠,"6,330,908",kosdaq
96690,제이스테판,"237,469,035",kosdaq
90470,제이스텍,"14,597,808",kosdaq
137950,제이씨케미칼,"19,343,000",kosdaq
33320,제이씨현시스템,"19,114,432",kosdaq
26040,제이에스티나,"16,503,790",kosdaq
126880,제이엔케이히터,"14,823,466",kosdaq
33050,제이엠아이,"32,579,342",kosdaq
94970,제이엠티,"16,748,240",kosdaq
58420,제이웨이,"10,700,110",kosdaq
36420,제이콘텐트리,"114,068,982",kosdaq
89790,제이티,"7,527,794",kosdaq
52670,제일바이오,"15,000,000",kosdaq
23440,제일제강,"26,032,185",kosdaq
38010,제일테크노스,"9,000,000",kosdaq
80220,제주반도체,"25,070,148",kosdaq
82270,젬백스,"30,589,492",kosdaq
41590,젬백스테크놀러지,"30,274,295",kosdaq
44060,조광ILI,"9,885,656",kosdaq
34940,조아제약,"28,310,231",kosdaq
101730,조이맥스,"8,505,234",kosdaq
67000,조이시티,"11,783,395",kosdaq
33340,좋은사람들,"26,412,536",kosdaq
36930,주성엔지니어링,"48,249,212",kosdaq
72020,중앙백신,"7,320,000",kosdaq
440,중앙에너비스,"1,245,426",kosdaq
54180,중앙오션,"21,860,000",kosdaq
155960,지디,"18,194,154",kosdaq
208350,지란지교시큐리티,"32,467,795",kosdaq
114570,지스마트글로벌,"19,778,476",kosdaq
51160,지어소프트,"12,820,024",kosdaq
53050,지에스이,"28,060,517",kosdaq
119850,지엔씨에너지,"8,260,678",kosdaq
65060,지엔코,"79,827,044",kosdaq
204840,지엘팜텍,"30,218,713",kosdaq
18290,지엠피,"17,431,721",kosdaq
115450,지트리비앤티,"22,760,432",kosdaq
18120,진로발효,"7,524,000",kosdaq
109820,진매트릭스,"10,215,273",kosdaq
86060,진바이오텍,"8,610,587",kosdaq
36890,진성티이씨,"22,482,268",kosdaq
7370,진양제약,"12,000,000",kosdaq
85660,차바이오텍,"50,581,773",kosdaq
900040,차이나그레이트,"114,425,850",kosdaq
900090,차이나하오란,"54,000,000",kosdaq
94850,참좋은레져,"14,000,000",kosdaq
4650,창해에탄올,"8,444,121",kosdaq
111820,처음앤씨,"19,274,529",kosdaq
96240,청담러닝,"6,896,578",kosdaq
13720,청보산업,"7,965,096",kosdaq
47820,초록뱀,"51,034,553",kosdaq
94360,칩스앤미디어,"7,239,092",kosdaq
16920,카스,"16,174,112",kosdaq
35720,카카오,"67,664,158",kosdaq
71850,캐스텍코리아,"12,373,089",kosdaq
66410,캔들미디어,"61,670,933",kosdaq
50110,캠시스,"52,435,889",kosdaq
78340,컴투스,"12,866,420",kosdaq
214370,케어젠,"10,710,000",kosdaq
221980,케이디켐,"4,034,800",kosdaq
43290,케이맥,"6,838,015",kosdaq
250930,케이비제10호스팩,"5,210,000",kosdaq
222390,케이비제8호스팩,"10,310,000",kosdaq
232270,케이비제9호스팩,"13,815,700",kosdaq
192250,케이사인,"61,476,373",kosdaq
115500,케이씨에스,"12,000,000",kosdaq
89150,케이씨티,"17,150,000",kosdaq
25880,케이씨피드,"16,150,696",kosdaq
93320,케이아이엔엑스,"4,880,000",kosdaq
65940,케이에스씨비,"20,890,687",kosdaq
73010,케이에스피,"9,444,037",kosdaq
105330,케이엔더블유,"5,661,347",kosdaq
68150,케이엔씨글로벌,"76,507,519",kosdaq
39420,케이엘넷,"24,154,730",kosdaq
83550,케이엠,"9,778,918",kosdaq
32500,케이엠더블유,"16,100,000",kosdaq
204650,케이티비스팩1호,"5,500,000",kosdaq
214150,케이티비스팩2호,"5,500,000",kosdaq
64820,케이프,"18,519,252",kosdaq
220260,케이프이에스스팩,"3,020,000",kosdaq
24880,케이피에프,"14,886,642",kosdaq
42040,케이피엠테크,"11,107,324",kosdaq
54410,케이피티,"5,060,000",kosdaq
89010,켐트로닉스,"10,745,020",kosdaq
52400,코나아이,"15,559,118",kosdaq
94860,코닉글로리,"47,653,062",kosdaq
46070,코다코,"36,343,168",kosdaq
47770,코데즈컴바인,"37,842,602",kosdaq
80530,코디,"15,911,831",kosdaq
224060,코디엠,"67,514,640",kosdaq
78650,코렌,"13,825,348",kosdaq
104540,코렌텍,"9,794,153",kosdaq
33430,코리드,"92,481,390",kosdaq
27050,코리아나,"40,000,000",kosdaq
101670,코리아에스이,"18,900,000",kosdaq
123410,코리아에프티,"27,841,064",kosdaq
36690,코맥스,"13,733,612",kosdaq
49430,코메론,"9,048,000",kosdaq
41960,코미팜,"54,699,972",kosdaq
9730,코센,"37,390,687",kosdaq
241710,코스메카코리아,"5,340,000",kosdaq
69110,코스온,"17,510,369",kosdaq
48870,코아로직,"44,385,288",kosdaq
166480,코아스템,"15,717,440",kosdaq
45970,코아시아홀딩스,"16,022,501",kosdaq
38530,코아크로스,"58,513,516",kosdaq
29960,코엔텍,"50,000,000",kosdaq
102940,코오롱생명과학,"7,610,890",kosdaq
33290,코웰패션,"92,064,397",kosdaq
56360,코위버,"9,796,800",kosdaq
121850,코이즈,"9,936,145",kosdaq
15710,코콤,"17,530,500",kosdaq
52330,코텍,"15,574,552",kosdaq
126600,코프라,"9,748,328",kosdaq
200130,콜마비앤에이치,"29,543,558",kosdaq
225650,쿠첸,"10,686,277",kosdaq
60280,큐렉소,"26,954,866",kosdaq
40350,큐로컴,"93,029,107",kosdaq
51780,큐로홀딩스,"60,193,222",kosdaq
115180,큐리언트,"7,227,262",kosdaq
65560,큐브스,"27,230,796",kosdaq
182360,큐브엔터,"26,573,767",kosdaq
66310,큐에스아이,"8,278,230",kosdaq
16600,큐캐피탈,"94,296,053",kosdaq
43590,크로바하이텍,"13,000,000",kosdaq
114120,크루셜텍,"28,579,850",kosdaq
83790,크리스탈,"25,881,011",kosdaq
900250,크리스탈신소재,"61,622,771",kosdaq
45520,크린앤사이언스,"6,500,000",kosdaq
237880,클리오,"16,873,215",kosdaq
218710,키움스팩3호,"6,700,000",kosdaq
226850,키움스팩4호,"10,204,000",kosdaq
54780,키이스트,"77,453,469",kosdaq
219130,타이거일렉,"6,314,290",kosdaq
65130,탑엔지니어링,"15,976,257",kosdaq
23160,태광,"26,500,000",kosdaq
53620,태양,"8,600,000",kosdaq
72520,태양씨앤엘,"42,103,552",kosdaq
44490,태웅,"20,007,381",kosdaq
191420,테고사이언스,"3,702,857",kosdaq
123100,테라세미콘,"11,303,840",kosdaq
182690,테라셈,"13,966,340",kosdaq
66700,테라젠이텍스,"28,835,096",kosdaq
95610,테스,"19,405,910",kosdaq
131970,테스나,"6,850,000",kosdaq
89030,테크윙,"18,083,869",kosdaq
38540,텍셀네트컴,"46,791,876",kosdaq
54450,텔레칩스,"10,630,978",kosdaq
91440,텔레필드,"6,957,040",kosdaq
200230,텔콘,"58,096,770",kosdaq
51360,토비스,"16,717,058",kosdaq
45340,토탈소프트,"8,558,040",kosdaq
57880,토필드,"15,985,742",kosdaq
108230,톱텍,"36,078,457",kosdaq
79970,투비소프트,"13,789,871",kosdaq
52290,트레이스,"44,899,708",kosdaq
105550,트루윈,"9,661,864",kosdaq
26150,특수건설,"9,994,814",kosdaq
33830,티비씨,"10,000,000",kosdaq
64760,티씨케이,"11,675,000",kosdaq
131290,티에스이,"11,061,429",kosdaq
246690,티에스인베스트먼트,"22,421,004",kosdaq
62860,티엘아이,"9,872,720",kosdaq
104480,티케이케미칼,"90,895,434",kosdaq
81150,티플랙스,"22,117,121",kosdaq
130740,티피씨글로벌,"9,450,000",kosdaq
84730,팅크웨어,"9,860,378",kosdaq
46210,파나진,"29,682,720",kosdaq
34230,파라다이스,"90,942,672",kosdaq
33540,파라텍,"11,214,208",kosdaq
43200,파루,"27,637,269",kosdaq
214450,파마리서치프로덕트,"9,466,217",kosdaq
177830,파버나인,"10,711,272",kosdaq
37070,파세코,"13,200,000",kosdaq
150900,파수닷컴,"8,142,695",kosdaq
47310,파워로직스,"32,036,014",kosdaq
170790,파이오링크,"6,856,330",kosdaq
49120,파인디앤씨,"18,751,820",kosdaq
38950,파인디지털,"10,190,765",kosdaq
106240,파인테크닉스,"33,485,099",kosdaq
131760,파인텍,"9,699,997",kosdaq
140860,파크시스템스,"6,527,355",kosdaq
91700,파트론,"54,156,410",kosdaq
194510,파티게임즈,"12,141,988",kosdaq
38160,팍스넷,"11,077,521",kosdaq
32800,판타지오,"49,928,143",kosdaq
43090,팜스웰바이오,"24,580,981",kosdaq
27710,팜스토리,"88,347,431",kosdaq
54300,팬스타엔터프라이즈,"27,524,943",kosdaq
68050,팬엔터테인먼트,"10,130,518",kosdaq
222110,팬젠,"9,298,515",kosdaq
60900,퍼시픽바이오,"34,451,650",kosdaq
87010,펩트론,"6,252,983",kosdaq
43370,평화정공,"21,000,000",kosdaq
119500,포메탈,"12,024,680",kosdaq
16670,포비스티앤씨,"40,078,058",kosdaq
56730,포스링크,"9,181,998",kosdaq
22100,포스코 ICT,"152,034,729",kosdaq
9520,포스코엠텍,"41,642,703",kosdaq
3670,포스코켐텍,"59,070,000",kosdaq
189690,포시에스,"6,837,896",kosdaq
141020,포티스,"23,352,395",kosdaq
39230,폭스브레인,"36,918,855",kosdaq
5670,푸드웰,"8,000,000",kosdaq
94940,푸른기술,"5,641,177",kosdaq
7330,푸른저축은행,"15,082,800",kosdaq
93380,풍강,"9,879,313",kosdaq
23900,풍국주정,"12,600,000",kosdaq
195440,퓨전데이타,"3,363,300",kosdaq
214270,퓨쳐스트림네트웍스,"46,150,443",kosdaq
220100,퓨쳐켐,"5,622,139",kosdaq
35200,프럼파스트,"8,041,993",kosdaq
203690,프로스테믹스,"45,165,630",kosdaq
53610,프로텍,"9,398,906",kosdaq
53160,프리엠스,"6,000,000",kosdaq
75130,플랜티넷,"8,960,000",kosdaq
23770,플레이위드,"3,075,469",kosdaq
32580,피델릭스,"20,567,273",kosdaq
51380,피씨디렉트,"7,540,136",kosdaq
241820,피씨엘,"8,921,164",kosdaq
237750,피앤씨테크,"6,496,600",kosdaq
131390,피앤이솔루션,"14,280,000",kosdaq
24850,피에스엠씨,"38,726,201",kosdaq
31980,피에스케이,"20,331,604",kosdaq
2230,피에스텍,"18,756,382",kosdaq
137400,피엔티,"7,600,000",kosdaq
128660,피제이메탈,"24,803,369",kosdaq
6140,피제이전자,"10,000,000",kosdaq
87600,픽셀플러스,"8,166,558",kosdaq
64800,필링크,"37,751,375",kosdaq
230240,하나금융7호스팩,"8,000,000",kosdaq
250060,하나금융8호스팩,"6,402,000",kosdaq
67310,하나마이크론,"22,370,446",kosdaq
208870,하나머스트3호스팩,"2,360,000",kosdaq
215100,하나머스트4호스팩,"2,800,000",kosdaq
218150,하나머스트5호스팩,"3,530,000",kosdaq
136480,하림,"53,945,938",kosdaq
24660,하림홀딩스,"89,157,190",kosdaq
149980,하이로닉,"14,094,745",kosdaq
13030,하이록코리아,"13,613,232",kosdaq
126700,하이비젼시스템,"14,942,112",kosdaq
200470,하이셈,"17,553,680",kosdaq
106080,하이소닉,"13,784,023",kosdaq
235010,하이에이아이1호스팩,"4,950,000",kosdaq
205470,하이제2호스팩,"5,650,000",kosdaq
217500,하이제3호스팩,"4,750,000",kosdaq
221840,하이즈항공,"17,696,167",kosdaq
106190,하이텍팜,"7,088,782",kosdaq
66130,하츠,"12,800,000",kosdaq
219550,한강인터트레이드,"54,431,270",kosdaq
240540,한국4호스팩,"5,500,000",kosdaq
4590,한국가구,"1,500,000",kosdaq
39340,한국경제TV,"23,000,000",kosdaq
34950,한국기업평가,"4,540,514",kosdaq
222980,한국맥널티,"4,975,000",kosdaq
25550,한국선재,"24,522,254",kosdaq
17890,한국알콜,"21,605,760",kosdaq
63570,한국전자금융,"26,015,009",kosdaq
41460,한국전자인증,"21,459,249",kosdaq
101680,한국정밀기계,"8,404,000",kosdaq
39740,한국정보공학,"8,018,397",kosdaq
53300,한국정보인증,"31,165,000",kosdaq
25770,한국정보통신,"38,812,743",kosdaq
23760,한국캐피탈,"168,209,576",kosdaq
54040,한국컴퓨터,"16,071,290",kosdaq
21650,한국큐빅,"9,890,000",kosdaq
53590,한국테크놀로지,"39,859,481",kosdaq
37230,한국팩키지,"25,000,000",kosdaq
30520,한글과컴퓨터,"23,082,211",kosdaq
52600,한네트,"11,563,700",kosdaq
92460,한라IMS,"10,097,988",kosdaq
47080,한빛소프트,"24,772,729",kosdaq
81970,한솔넥스지,"5,760,000",kosdaq
99660,한솔신텍,"63,987,602",kosdaq
221610,한솔씨앤피,"3,993,673",kosdaq
70590,한솔인티큐브,"13,879,521",kosdaq
42520,한스바이오메드,"9,857,857",kosdaq
78350,한양디지텍,"10,000,000",kosdaq
45100,한양이엔지,"18,000,000",kosdaq
64090,한양하이타오,"29,187,872",kosdaq
46110,한일네트웍스,"11,954,227",kosdaq
24740,한일단조,"14,763,371",kosdaq
5860,한일사료,"39,403,685",kosdaq
123840,한일진공,"32,882,255",kosdaq
7770,한일화학,"3,510,000",kosdaq
61460,한진피앤씨,"83,954,010",kosdaq
79170,한창산업,"5,200,000",kosdaq
54920,한컴시큐어,"12,510,016",kosdaq
77280,한컴지엠디,"11,231,295",kosdaq
2680,한탑,"20,800,000",kosdaq
66110,한프,"26,744,499",kosdaq
217620,한화ACPC스팩,"7,450,000",kosdaq
215380,한화MGI스팩,"5,500,000",kosdaq
219860,한화에이스스팩2호,"7,123,000",kosdaq
102210,해덕파워웨이,"10,173,485",kosdaq
220630,해마로푸드서비스,"91,247,027",kosdaq
34810,해성산업,"9,780,000",kosdaq
76610,해성옵틱스,"16,675,000",kosdaq
220180,핸디소프트,"7,459,009",kosdaq
8800,행남생활건강,"68,844,889",kosdaq
900270,헝셩그룹,"80,000,000",kosdaq
170030,현대공업,"15,340,000",kosdaq
221950,현대드림3호스팩,"6,815,000",kosdaq
226360,현대드림4호스팩,"5,315,000",kosdaq
48410,현대아이비티,"30,297,753",kosdaq
204760,현대에이블스팩1호,"5,525,000",kosdaq
26180,현대정보기술,"59,537,195",kosdaq
39010,현대통신,"8,625,000",kosdaq
204990,현성바이탈,"21,740,000",kosdaq
92300,현우산업,"12,285,469",kosdaq
53660,현진소재,"33,122,731",kosdaq
11080,형지I&C,"38,955,668",kosdaq
60560,홈센타홀딩스,"40,713,754",kosdaq
64240,홈캐스트,"32,220,893",kosdaq
39610,화성,"7,280,000",kosdaq
126640,화신정공,"36,373,887",kosdaq
86250,화신테크,"9,700,000",kosdaq
204630,화이브라더스,"27,598,785",kosdaq
61250,화일약품,"14,410,958",kosdaq
134780,화진,"12,330,000",kosdaq
97870,효성오앤비,"5,800,000",kosdaq
50090,휘닉스소재,"64,967,931",kosdaq
115160,휴맥스,"23,911,798",kosdaq
28080,휴맥스홀딩스,"12,577,506",kosdaq
200670,휴메딕스,"8,746,460",kosdaq
65510,휴비츠,"11,880,371",kosdaq
243070,휴온스,"5,895,464",kosdaq
84110,휴온스글로벌,"9,718,472",kosdaq
145020,휴젤,"3,284,058",kosdaq
24060,흥구석유,"15,000,000",kosdaq
10240,흥국,"6,161,348",kosdaq
189980,흥국에프엔비,"7,341,291",kosdaq
37440,희림,"13,922,475",kosdaq
